Symbol,Sector,SubSector,Theme
20MICRONS,Chemicals,Industrial Minerals,
21STCENMGM,Others,Hotels & Resorts,
360ONE,Financial Services,Wealth Management,
GOLD360,ETF,Commodity ETF (Gold),
SILVER360,ETF,Commodity ETF (Silver),
3IINFOLTD,NBFC,NBFC,
3MINDIA,Industrials,Diversified Industrial Products,
3PLAND,REALITY,Real Estate Development,
5PAISA,Financial Services,Stock Broking / FinTech,
63MOONS,Financial Services,Financial Technology,
ABCOTS,Textiles,Textile Products,
ABINFRA,Industrials,Infrastructure,
A2ZINFRA,Industrials,Infrastructure,
AADHARHFC,Financial Services,Housing Finance Company,
AAKASH,PHARMA,Bulk Drugs,
AAREYDRUGS,PHARMA,Bulk Drugs,
AARON,Industrials,Fabrication,
AARTECH,IT,IT Services,
AARTIDRUGS,PHARMA,APIs,
AARTIIND,Chemicals,Specialty Chemicals,
AARTIPHARM,PHARMA,APIs,
AARTISURF,Chemicals,Specialty Chemicals,
AARVI,Engineering Services,Technical Staffing,
AAVAS,Financial Services,Housing Finance,
AFSL,NBFC,NBFC,
ABB,Industrials,Electrical Equipment,
ABBOTINDIA,PHARMA,Formulations,
ABMINTLLTD,Others,Facility Management,
ACC,Cement,Cement Manufacturing,
ACCELYA,IT,IT Services,
ACCURACY,Industrials,Engineering Services,
ACEINTEG,INFRA,EPC & Construction,
ACMESOLAR,ENERGY,Power,
ACE,Industrials,Construction Equipment,
ACUTAAS,Chemicals,Specialty Chemicals,
ADANIENSOL,ENERGY,Power,
ADANIENT,Others,Diversified,
ADANIGREEN,ENERGY,Renewable Energy,
ADANIPORTS,Industrials,Ports,
ADANIPOWER,ENERGY,Power Utilities,
ATGL,ENERGY,City Gas Distribution,
ADFFOODS,FMCG,Food Products,
ABSLAMC,Financial Services,Asset Management,
ABCAPITAL,Financial,NBFC,
ABFRL,Consumer Discretionary,Apparel Retail,
ABLBL,FMCG,Consumer Services,
BIRLAMONEY,Financial Services,Stock Broking,
ABREL,REALITY,Real Estate Development,
CPPLUS,IT,Surveillance & Security Equipment,
AVL,AUTO,Engine Components,
BSLGOLDETF,ETF,Gold ETF,
BSLNIFTY,ETF,Nifty 50 ETF,
ADOR,Capital Goods,Industrial Equipment,
ADROITINFO,IT,IT Services,
ADVAIT,IT,IT Services,
ADVANCE,Chemicals,Industrial Chemicals,
ADVENZYMES,Chemicals,Enzymes,
ADVANIHOTR,Industrials,Electrical Equipment,
ADVENTHTL,Others,Midscale Hotels,
AEGISLOG,ENERGY,Oil Gas & Consumable Fuels,
AEGISVOPAK,ENERGY,Oil Gas & Consumable Fuels,
AEQUS,Capital Goods,Precision Manufacturing,
AEROENTER,Capital Goods,Aerospace Components,
AEROFLEX,Capital Goods,Industrial Tubing,
AERONEU,Defence,Aerospace Technology,
AETHER,Chemicals,Specialty Chemicals,
AFCONS,Industrials,Construction,
AFFLE,IT,Digital Advertising Technology,
AFFORDABLE,REALITY,Affordable Housing,
AGARIND,Chemicals,Industrial Chemicals,
AGI,Industrials,Packaging – Glass,
AGIIL,Chemicals,Packaging Chemicals,
AGROPHOS,Chemicals,Fertilizers,
AHLADA,Capital Goods,Steel Doors,
AHLUCONT,Industrials,Construction,
AIAENG,Industrials,Industrial Castings,
GOLDTECH,IT,IT Services,
AIRAN,IT,IT Services,
AIROLAM,Materials,Laminates,
AJANTPHARM,PHARMA,Formulations,
AJAXENGG,Capital Goods,Construction Equipment,
AJMERA,REALITY,Real Estate Development,
AJOONI,Textiles,Textile Manufacturing,
AKASH,Industrials,Engineering Services,
AKG,Industrials,Infrastructure,
AKI,Textiles,Garments,
AFIL,Financial Services,Investment Company,
AKSHOPTFBR,Textiles,Fabrics,
AKSHAR,Consumer Discretionary,Jewellery,
AKSHARCHEM,Materials,Chemicals,
AKUMS,PHARMA,Healthcare,
AKZOINDIA,Chemicals,Paints & Coatings,
ALANKIT,IT,IT Services,
ALBERTDAVD,PHARMA,Formulations,
ALEMBICLTD,PHARMA,Formulations,
APLLTD,PHARMA,Formulations,
ALGOQUANT,Financial Services,Quant PMS / Advisory,
ALICON,Industrials,Auto Components,
ALIVUS,PHARMA,Formulations,
ALKALI,Chemicals,Specialty Chemicals,
ALKEM,PHARMA,Formulations,
ALKYLAMINE,Chemicals,Specialty Chemicals,
ALLTIME,Others,Lifestyle Retail,
ALLCARGO,Logistics,Integrated Logistics,
ATL,INFRA,Roads,
ALLDIGI,IT,Digital Services,
ABDL,FMCG,Alcoholic Beverages,
ADSL,Telecom,ISP,
ALMONDZ,Private Bank,Investment Banking,
ALOKINDS,Textiles,Apparel Manufacturing,
ALPA,PHARMA,Formulations,
ALPHAGEO,ENERGY,Oil Exploration Services,
AMAGI,Others,Digital Advertising,
AMANTA,PHARMA,Specialty Pharma,
ARE&M,Industrials,Electrical Equipment,
AMBER,Others,Air Conditioner Manufacturing,
AMBICAAGAR,Textiles,Silk Textiles,
AMBIKCO,Textiles,Textile Manufacturing,
AMBUJACEM,Cement,Cement Manufacturing,
AMDIND,Chemicals,Industrial Chemicals,
AMNPLST,Others,Plastic Products,
AMJLAND,REALITY,Real Estate Development,
AMRUTANJAN,FMCG,OTC Healthcare,
ARSSBL,INFRA,Roads & EPC,
ANANDRATHI,Financial,Financial Services,
ANANTRAJ,REALITY,Real Estate Development,
ACL,Chemicals,Industrial Chemicals,
ANDHRAPAP,Others,Writing & Printing Paper,
ANDHRSUGAR,Chemicals,Sugar & Chemicals,
ANGELONE,Financial,Financial Services,
ANIKINDS,FMCG,Edible Oils,
APCL,ENERGY,Oil & Gas Services,
AHCL,Others,Hospitality,
ANMOL,FMCG,Packaged Foods,
ANTGRAPHIC,Others,Printing & Packaging,
ANTELOPUS,PHARMA,Specialty Pharma,
ANTHEM,PHARMA,Healthcare Services,
AWHCL,INFRA,Water EPC,
ANUHPHR,PHARMA,Bulk Drugs,
ANURAS,Chemicals,Specialty Chemicals,
AONEGOLD,ETF,Gold ETF,
AONELIQUID,ETF,Liquid ETF,
AONENIFTY,ETF,Nifty ETF,
AONETMMQ50,ETF,Momentum ETF,
AONETOTAL,ETF,Broad Market ETF,
APARINDS,Industrials,Electrical Conductors,
APCOTEXIND,Chemicals,Synthetic Rubber,
APEX,Consumer Discretionary,Footwear,
APLAPOLLO,Industrials,Steel Tubes,
APOLLOHOSP,PHARMA,Hospitals,
APOLLO,Textiles,Industrial Fabrics,
APOLLOPIPE,Capital Goods,Plastic Pipes,
APOLSINHOT,Others,Hotels,
APOLLOTYRE,AUTO,Tyres,
APTECHT,IT,IT Services,
APTUS,Financial Services,Housing Finance Company,
ACI,Chemicals,Agro Chemicals,
ADL,Chemicals,Specialty Chemicals,
ARCHIDPLY,Materials,Plywood & Panels,
ARCHIES,Consumer Discretionary,Gifts & Stationery Retail,
ARFIN,NBFC,NBFC,
ARIES,PHARMA,Formulations,
ARIHANTCAP,NBFC,NBFC,
ARIHANTSUP,Textiles,Fabric Processing,
ARIS,INFRA,Real Estate,
ARKADE,REALITY,Realty Developer,
ARMANFIN,Financial Services,Microfinance,
AROGRANITE,IT,IT Services,
ARROWGREEN,Chemicals,Printing Inks,
ARTNIRMAN,INFRA,Construction,
ARTEMISMED,PHARMA,Healthcare Services,
ARVINDFASN,Consumer Discretionary,Apparel Retail,
ARVIND,Textiles,Integrated Textiles,
ARVSMART,REALITY,Realty Development,
ASAHIINDIA,Others,Glass – Auto & Float,
ASAHISONG,Auto Components,Auto Components,
ASHAPURMIN,Materials,Mining,
ASHIANA,REALITY,Residential Realty,
ASHIMASYN,Textiles,Textile Manufacturing,
ASHOKLEY,AUTO,Commercial Vehicles,
ASHOKA,Industrials,Infrastructure Construction,
ASHOKAMET,Metals,Steel Products,
ASIANENE,ENERGY,Oil & Gas Exploration,
ASIANTILES,Materials,Ceramic Tiles,
AHLEAST,Financial Services,Leasing,
ASIANHOTNR,Consumer Discretionary,Hotels,
ASIANPAINT,Chemicals,Paints,
ASKAUTOLTD,AUTO,Auto OEM,
ASPINWALL,FMCG,Agri Processing,
ASALCBR,Auto Components,Auto Components,
ASTEC,Chemicals,Agro Chemicals,
ASTERDM,PHARMA,Healthcare,
ASTRAMICRO,Industrials,Defence Electronics,
ASTRAL,Chemicals,Pipes & Adhesives,
ASTRAZEN,PHARMA,Formulations,
ASTRON,Chemicals,Petrochem Intermediates,
ATALREAL,REALITY,Real Estate,
ATAM,Industrials,Electrical Equipment,
ATHERENERG,AUTO,Electric Vehicles,
ATLANTAELE,INFRA,Roads,
ATLANTAA,Industrials,Infrastructure Construction,
ATLASCYCLE,Others,Bicycle Manufacturing,
ATULAUTO,AUTO,Auto OEM,
ATUL,Chemicals,Specialty Chemicals,
AUBANK,Financial,Banks,
AURIONPRO,IT,IT Services / FinTech,
AUROPHARMA,PHARMA,Pharma,
AURUM,REALITY,Real Estate Development,
AIIL,Financial,Financial Services,
AUTOIND,AUTO,Auto OEM,
AUTOAXLES,AUTO,Auto OEM,
ASAL,Auto Components,Auto Components,
AVADHSUGAR,FMCG,Sugar,
AVALON,Capital Goods,Electronics Manufacturing,
AVANTEL,Telecom,Communication Equipment,
AVANTIFEED,FMCG,Aquaculture Feed,
DMART,Consumer Discretionary,Retail – Supermarkets,
CCAVENUE,Financial Services,Payment Gateway,
AVG,IT,IT Services,
AVONMORE,FMCG,Dairy Products,
AVTNPL,FMCG,Tea Plantations,
AWFIS,REALITY,Co-working Spaces,
AWL,FMCG,Edible Oils & Foods,
AXISBANK,Financial,Banks,
AXISGOLD,ETF,Gold ETF,
AXISBNKETF,ETF,Banking ETF,
AXISBPSETF,ETF,BSE Sensex ETF,
AXISCETF,ETF,Corporate Bond ETF,
AXISHCETF,ETF,Healthcare ETF,
AXISILVER,ETF,Silver ETF,
AXISNIFTY,ETF,Nifty 50 ETF,
AXISTECETF,ETF,Technology ETF,
AXISVALUE,ETF,Value Strategy ETF,
AXSENSEX,ETF,Sensex ETF,
AXISCADES,IT,Engineering & IT Services,
AYMSYNTEX,Textiles,Synthetic Textiles,
AZAD,Capital Goods,Aerospace Components,
BBTCL,INFRA,Power Infrastructure,
BAGFILMS,Others,TV Production,
BLKASHYAP,Industrials,Construction,
STYLEBAAZA,Others,Apparel Retail,
BAIDFIN,NBFC,NBFC,
BAJAJ-AUTO,AUTO,Auto OEM,
BAJAJCON,FMCG,Consumer Products,
BAJAJELEC,Others,Electrical Appliances,
BAJFINANCE,Financial,NBFC,
BAJAJFINSV,Financial Services,Financial Services Holding,
BAJAJHCARE,PHARMA,Formulations,
BAJAJHIND,FMCG,Sugar,
BAJAJHLDNG,Financial Services,Investment Holding,
BAJAJHFL,Financial Services,Housing Finance,
BAJEL,Industrials,Power Equipment,
BALPHARMA,PHARMA,Pharma,
BALAMINES,Chemicals,Specialty Chemicals,
BALAJITELE,IT,IT Services,
BALAXI,PHARMA,Pharma Distribution,
BALKRISIND,AUTO,Tyres – Off Highway,
BALKRISHNA,AUTO,Auto Tyres,
BALMLAWRIE,Industrials,Industrial Services,
BALRAMCHIN,FMCG,Sugar,
BALUFORGE,Capital Goods,Forgings,
BANARBEADS,Textiles,Textile Accessories,
BANCOINDIA,Auto Components,Auto Components,
BANDHANBNK,Private Bank,Private Sector Bank,
GOLDBND,ETF,Sovereign Gold Bond,
IDFNIFTYET,ETF,Nifty ETF,
SILVERBND,ETF,Silver Bond,
BANG,Textiles,Apparel,
BANKBARODA,Financial,Banks,
BANKINDIA,Financial,Banks,
MAHABANK,Financial,Banks,
BANKA,Financial,Banks,
BASML,Engineering Services,Design Services,
BANARISUG,FMCG,Sugar,
BANSALWIRE,Metals,Steel Wire,
BANSWRAS,Textiles,Yarn & Fabric,
BVCL,Materials,Granite,
BBNPNBETF,ETF,Banking ETF,
BBNPPGOLD,ETF,Gold ETF,
ASMS,PHARMA,Diagnostic Services,
BASF,Chemicals,Specialty Chemicals,
BATAINDIA,Consumer Discretionary,Footwear Retail,
BAYERCROP,Chemicals,Agro Chemicals,
BCLIND,FMCG,Edible Oils,
BEARDSELL,Capital Goods,Industrial Machinery,
BEDMUTHA,Industrials,Steel Wires,
BELLACASA,Others,Home Furnishing,
BELRISE,AUTO,Casting,
BLAL,Chemicals,Industrial Chemicals,
BEML,Industrials,Mining & Defence Equipment,
BERGEPAINT,Chemicals,Paints,
BETA,ETF,Factor ETF,
BFINVEST,Financial Services,Investment Company,
BANKBETF,Financial,Banks,
LIQUIDBETF,ETF,Liquid ETF,
NIFTYBETF,ETF,Nifty ETF,
BGRENERGY,Industrials,EPC / Power Projects,
BHAGERIA,Chemicals,Dyes & Intermediates,
BHAGCHEM,Materials,Chemicals,
BHANDARI,FMCG,Alcoholic Beverages,
BEPL,Others,Industrial Plastics,
BBL,Industrials,Engineering,
BHARATCOAL,Metals,Coal,
BDL,Industrials,Capital Goods,
BEL,Industrials,Defence Electronics,
BHARATFORG,AUTO,Forgings,
BHARATGEAR,Auto Components,Auto Components – Gears,
BPCL,ENERGY,Oil Refining & Marketing,
BHARATRAS,Chemicals,Industrial Chemicals,
BRNL,INFRA,EPC,
BHARATSE,Financial Services,Broking,
BHARATWIRE,Industrials,Steel Wires,
BHARTIARTL,Telecom,Telecom Services,
BHARTIHEXA,Telecom,Telecommunication,
BIL,Chemicals,Industrial Chemicals,
BHEL,Industrials,Power Equipment,
BIGBLOC,Materials,AAC Blocks,
BIKAJI,FMCG,Packaged Foods,
GROWW,Financial Services,Discount Broking,
BIOCON,PHARMA,Biopharmaceuticals,
BIOFILCHEM,Materials,Chemicals,
BIRLACABLE,Industrials,Cables,
BIRLACORPN,Cement,Cement Manufacturing,
BIRLANU,Textiles,Linen & Fabrics,
ABGSEC,Financial Services,Broking,
ABSLBANETF,ETF,Banking ETF,
ABSLLIQUID,ETF,Liquid ETF,
ABSLNN50ET,ETF,Nifty Next 50 ETF,
BSLSENETFG,ETF,Sensex ETF,
GSEC10ABSL,ETF,Gilt 10Y ETF,
HEALTHY,ETF,Healthcare ETF,
MOMENTUM,ETF,Momentum ETF,
NIFTYQLITY,IT,IT Services,
SILVER,ETF,Silver ETF,
TECH,IT,IT Services,
ABSLPSE,ETF,PSU ETF,
BSOFT,IT,IT Services,
BBOX,IT,Data Centers,
BLACKBUCK,Logistics,Freight Aggregator,
BLBLIMITED,IT,IT Services,
BLISSGVS,PHARMA,Formulations,
BLSE,Financial Services,Stock Exchange,
BLS,FMCG,Consumer Services,
BLUECHIP,ETF,Large Cap ETF,
BLUECOAST,REALITY,Hospitality Real Estate,
BLUEDART,Logistics,Express Logistics,
BLUEJET,PHARMA,Healthcare,
BLUESTARCO,Others,Air Conditioning,
BLUESTONE,Others,Jewellery Retail,
BLUSPRING,Financial Services,Asset Management,
BMWVENTLTD,Capital Goods,Engineering,
BODALCHEM,Materials,Chemicals,
BTML,IT,IT Services,
BOHRAIND,Chemicals,Industrial Chemicals,
BBTC,FMCG,Tea Plantations,
BOMDYEING,Textiles,Textile Manufacturing,
BSHSL,INFRA,Construction,
BOROLTD,Materials,Glass,
BORORENEW,Materials,Solar Glass,
BOROSCI,Others,Glassware,
BOSCH-HCIL,AUTO,Automotive Components,
BOSCHLTD,Auto Components,Auto Components,
BPL,Others,Electronics,
FIRSTCRY,Consumer Discretionary,Online Retail,
BCONCEPTS,Others,Advertising,
BRIGADE,REALITY,Real Estate Development,
BRIGHOTEL,Others,Hospitality,
BCG,IT,IT Services,
BRITANNIA,IT,IT Services,
BROOKS,PHARMA,Formulations,
BSE,Financial Services,Stock Exchange,
BSL,Textiles,Fabric,
BUTTERFLY,Others,Kitchen Appliances,
MAPMYINDIA,IT,Digital Maps,
CALSOFT,IT,Software,
CTE,IT,IT Services,
CAMLINFINE,Chemicals,Specialty Chemicals,
CAMPUS,Consumer Discretionary,Footwear,
CANFINHOME,Financial Services,Housing Finance,
CANBK,PSU Bank,Public Sector Bank,
CANHLIFE,Financial Services,Life Insurance,
CRAMC,Financial Services,Asset Management,
CANTABIL,Consumer Discretionary,Apparel Retail,
CAPACITE,IT,IT Services,
CAPILLARY,IT,HR Software,
CIFL,NBFC,NBFC,
CAPITALSFB,Financial,NBFC,
CAPTRUST,NBFC,NBFC,
CAPLIPOINT,PHARMA,Formulations,
CGCL,FMCG,Sugar,
CARBORUNIV,Industrials,Abrasives,
CARERATING,Financial Services,Credit Rating Agency,
CPEDU,Others,EdTech,
CARRARO,AUTO,Transmission Systems,
CARTRADE,IT,Auto Marketplace,
CARYSIL,Others,Kitchen Sinks,
CASTROLIND,ENERGY,Lubricants,
CCL,FMCG,Coffee Processing,
CEATLTD,AUTO,Tyres,
CEIGALL,INFRA,Roads,
CELEBRITY,IT,IT Services,
CELLO,Others,Household Products,
CEMPRO,Cement,Cement Products,
CENTRALBK,PSU Bank,Public Sector Bank,
CDSL,Financial,Financial Services,
CENTRUM,NBFC,NBFC,
CENTUM,Capital Goods,Electronics,
CENTENKA,Industrials,Steel Pipes,
CENTEXT,Textiles,Textile Manufacturing,
CENTURYPLY,Materials,Plywood,
CERA,Others,Sanitaryware,
CESC,Power,Power Distribution,
CGPOWER,ENERGY,Power Utilities,
CHALET,REALITY,Commercial Real Estate,
CLSEL,IT,IT Services,
CHAMBLFERT,Materials,Fertilizers,
CHEMBONDCH,Materials,Chemicals,
CHEMBOND,Materials,Chemicals,
CHEMCON,Materials,Chemicals,
CHEMFAB,Materials,Chemicals,
CHEMPLASTS,Materials,Chemicals,
CHENNPETRO,ENERGY,Oil Refining,
CHEVIOT,Textiles,Jute,
CHOICEIN,Financial,Financial Services,
CHOICEGOLD,ETF,Gold ETF,
CHOLAHLDNG,Financial Services,Financial Holding,
CHOLAFIN,NBFC,NBFC,
CIEINDIA,Auto Components,Castings,
CIGNITITEC,IT,IT Services,
CINELINE,Consumer Discretionary,Multiplexes,
CINEVISTA,Others,Film Production,
CIPLA,PHARMA,Formulations,
CUB,Private Bank,Private Sector Bank,
CLEDUCATE,Others,Education Services,
CLEAN,Chemicals,Specialty Chemicals,
CMSINFO,Financial Services,Cash Logistics,
COALINDIA,ENERGY,Coal Mining,
COCHINSHIP,Industrials,Shipbuilding,
COFFEEDAY,Others,Cafe Chain,
COFORGE,IT,IT Services,
COHANCE,PHARMA,Healthcare,
COLPAL,FMCG,Personal Care,
COMPUSOFT,IT,IT Services,
CAMS,Financial,Financial Services,
CONCORDBIO,PHARMA,Healthcare,
CEWATER,INFRA,Water Treatment,
CONFIPET,Chemicals,Industrial Chemicals,
CCCL,INFRA,EPC,
CONSOFINVT,Financial Services,Investment Company,
CONCOR,Logistics,Rail Logistics,
CONTROLPR,Capital Goods,Control Equipment,
CORALFINAC,NBFC,NBFC,
CORDSCABLE,Industrials,Cables,
COROMANDEL,Chemicals,Fertilizers & Agro Chemicals,
CORONA,Others,Sanitaryware,
COSMOFIRST,Materials,Specialty Films,
CCHHL,Others,Hospitality,
COUNCODOS,PHARMA,Formulations,
CPCAP,NBFC,NBFC,
CPSEETF,ETF,PSU ETF,
CRAFTSMAN,Auto Components,Auto Components,
CREATIVEYE,Others,Film & TV,
CNL,Logistics,Transport,
CREDITACC,IT,IT Services,
MUFTI,Others,Apparel,
CREST,IT,IT Services,
CRISIL,Financial Services,Credit Rating Agency,
CRIZAC,Financial Services,FinTech,
CROMPTON,Others,Electrical Appliances,
CROWN,Others,Industrial Packaging,
CSBBANK,Financial,Banks,
CSLFINANCE,Financial,NBFC,
CUBEXTUB,Metals,Steel Tubes,
CUMMINSIND,Industrials,Engines & Power Equipment,
CUPID,PHARMA,Medical Devices,
CYBERMEDIA,PHARMA,Healthcare Services,
CYBERTECH,IT,IT Services,
CYIENTDLM,Capital Goods,EMS,
CYIENT,IT,Engineering & IT Services,
DPWIRES,Industrials,Steel Wires,
DLINKINDIA,IT,Networking Equipment,
DPABHUSHAN,Consumer Discretionary,Jewellery Retail,
DBCORP,Others,Print Media,
DABUR,FMCG,Personal Care & Healthcare,
DALBHARAT,Cement,Cement Manufacturing,
DALMIASUG,FMCG,Sugar,
DAMCAPITAL,Financial,NBFC,
DAMODARIND,Textiles,Yarn,
DANGEE,FMCG,Packaged Foods,
DATAPATTNS,Industrials,Capital Goods,
DATAMATICS,IT,IT Services,
DAVANGERE,Sugar,Sugar,
DBSTOCKBRO,Financial Services,Broking,
DCI,INFRA,Dredging,
DCBBANK,Financial,Banks,
DCMFINSERV,NBFC,NBFC,
DCM,Textiles,Textile Manufacturing,
DCMNVL,Textiles,Yarn,
DCMSRIND,Chemicals,Chemicals,
DCMSHRIRAM,Chemicals,Chemicals & Fertilizers,
DCW,Chemicals,Industrial Chemicals,
DCXINDIA,Defence,Defence Electronics,
DDEVPLSTIK,Others,Plastic Pipes,
DENORA,Chemicals,Electrochemical,
DECCANCE,Materials,Ceramics,
DEEDEV,Capital Goods,Engineering,
DEEPINDS,ENERGY,Oilfield Services,
DBEIL,INFRA,EPC,
DEEPAKFERT,Materials,Fertilizers,
DEEPAKNTR,Chemicals,Specialty Chemicals,
DELHIVERY,Logistics,Integrated Logistics,
DELPHIFX,Financial Services,Forex Services,
DELTACORP,Consumer Discretionary,Gaming & Casinos,
DELTAMAGNT,Capital Goods,Industrial Magnets,
DEN,Others,Cable & Broadcasting,
DENTA,PHARMA,Dental Services,
DEVX,IT,IT Services,
DEVIT,IT,IT Services,
DEVYANI,Consumer Discretionary,QSR,
DBOL,FMCG,Dairy,
DHAMPURSUG,FMCG,Sugar,
DHANBANK,Financial,Banks,
DHANUKA,Chemicals,Agro Chemicals,
DHARMAJ,FMCG,Dairy,
DHRUV,IT,IT Services,
DHUNINV,Financial Services,Investment Company,
DTIL,Chemicals,Industrial Chemicals,
DVL,PHARMA,Formulations,
DIAMINESQ,Chemicals,Specialty Chemicals,
DIACABS,AUTO,Automotive Cables,
DICIND,Chemicals,Industrial Chemicals,
DIFFNKG,ETF,ETF,
DGCONTENT,Others,Digital Media,
DIGIDRIVE,IT,Mobility Tech,
DIGISPICE,IT,IT Services,
DIGITIDE,IT,IT Services,
DIGJAMLMTD,FMCG,Food Processing,
DNAMEDIA,PHARMA,Healthcare Services,
DBL,INFRA,Roads EPC,
DISHTV,Others,DTH Services,
DCAL,PHARMA,APIs,
DIVGIITTS,IT,IT Services,
DIVISLAB,PHARMA,Pharma,
DIXON,Others,Electronics Manufacturing,
DLF,REALITY,Realty,
DMCC,INFRA,Construction,
DODLA,FMCG,Dairy,
DOLATALGO,IT,IT Services,
DOLLAR,Textiles,Innerwear & Apparel,
DOLPHIN,PHARMA,APIs,
DOMS,Consumer Discretionary,Stationery Products,
DONEAR,Textiles,Fabric,
DPSCLTD,Power,Thermal Power,
AGARWALEYE,PHARMA,Healthcare,
LALPATHLAB,PHARMA,Pharma,
DRREDDY,PHARMA,Formulations & APIs,
DRCSYSTEMS,IT,IT Services,
DREAMFOLKS,Consumer Discretionary,Airport Services,
DREDGECORP,Industrials,Dredging Services,
KEEPLEARN,Others,EdTech,
LIQUIDETF,ETF,Liquid ETF,
BANKADD,Financial,Banks,
GOLDADD,ETF,Gold ETF,
ITADD,IT,IT Services,
EQUAL50ADD,ETF,Equal Weight ETF,
NIFTYADD,ETF,Nifty ETF,
PSUBANKADD,Financial,Banks,
PVTBANKADD,Financial,Banks,
MIDQ50ADD,ETF,Midcap 50 ETF,
SENSEXADD,ETF,Sensex ETF,
SILVERADD,ETF,Silver ETF,
FLEXIADD,ETF,Flexicap ETF,
HEALTHADD,ETF,Healthcare ETF,
LIQUIDADD,ETF,Liquid ETF,
MIDCAPADD,ETF,Midcap ETF,
MSCIADD,ETF,MSCI India ETF,
NEXT30ADD,ETF,Next 30 ETF,
NEXT50ADD,ETF,Next 50 ETF,
SMALLADD,ETF,Smallcap ETF,
TOP10ADD,ETF,Top 10 ETF,
DUCON,Industrials,Engineering Services,
DWARKESH,FMCG,Sugar,
DSSL,IT,IT Services,
DYNAMATECH,IT,IT Services,
DYCL,Textiles,Yarn,
DYNPRO,IT,IT Services,
E2E,IT,Cloud Services,
EASEMYTRIP,Consumer Discretionary,Online Travel Services,
ECLERX,IT,BPM / IT Services,
ECOSMOBLTY,AUTO,EV Mobility Services,
BBETF0432,ETF,Bharat Bond ETF,
EBANKNIFTY,Financial,Banks,
EBBETF0430,ETF,Bharat Bond ETF,
EBBETF0431,ETF,Bharat Bond ETF,
EBBETF0433,ETF,Bharat Bond ETF,
ECAPINSURE,Financial Services,Insurance Services,
EGOLD,ETF,Gold ETF,
ELIQUID,ETF,Liquid ETF,
ELM250,ETF,Midcap ETF,
EMULTIMQ,ETF,Multi Factor ETF,
ENIFTY,ETF,Nifty ETF,
ESENSEX,ETF,Sensex ETF,
ESILVER,ETF,Silver ETF,
EDELWEISS,NBFC,NBFC,
EFCIL,NBFC,NBFC,
EICHERMOT,AUTO,2W & CV,
EIDPARRY,FMCG,Sugar & Nutrients,
EIHAHOTELS,Others,Luxury Hotels,
EIHOTEL,Consumer Discretionary,Hotels,
EIMCOELECO,Capital Goods,Mining Equipment,
ELDEHSG,REALITY,Real Estate Development,
ELECON,Industrials,Capital Goods,
EMIL,Metals,Manganese Mining,
ELECTCAST,Industrials,Cast Iron Pipes,
ELECTHERM,Industrials,Induction Furnaces,
ELGIEQUIP,Industrials,Air Compressors,
ELGIRUBCO,AUTO,Tyres,
ELIN,Others,Electronics Manufacturing,
ELLEN,FMCG,Processed Foods,
EMAMILTD,FMCG,Personal Care,
EMAMIPAP,Others,Paper Manufacturing,
EMAMIREAL,REALITY,Real Estate,
EMCURE,PHARMA,Formulations,
EMKAY,Financial Services,Broking,
EMMBI,Others,Flexible Packaging,
EMMVEE,Capital Goods,Solar Modules,
EMSLIMITED,IT,IT Services,
EMUDHRA,IT,Digital Security,
ENDURANCE,Auto Components,Auto Components,
ENGINERSIN,Industrials,Engineering Services,
ENTERO,PHARMA,Pharma Distribution,
ENIL,Others,Radio,
EIEL,Capital Goods,Industrial Equipment,
EPACK,Capital Goods,Electronics Manufacturing,
EPACKPEB,Capital Goods,Pre Engineered Buildings,
EPIGRAL,Chemicals,Specialty Chemicals,
EPL,FMCG,Packaging,
EQUITASBNK,IT,IT Services,
ERIS,PHARMA,Formulations,
ESABINDIA,Industrials,Welding Equipment,
ESAFSFB,BANKING & FINANCIALS,Small Finance Bank,
ESCORTS,AUTO,Tractors & Farm Equipment,
ESSARSHPNG,SHIPPING,Shipping,
ESTER,Chemicals,Polyester Films,
ETERNAL,FMCG,Consumer Services,
ETHOSLTD,Others,Luxury Watches,
EUREKAFORB,Others,Water Purifiers,
EIFFL,INFRA,EPC,
EUROBOND,ETF,Debt ETF,
EUROPRATIK,Chemicals,Specialty Chemicals,
EVEREADY,Others,Batteries,
EVERESTIND,Materials,Building Materials,
EKC,Capital Goods,Gas Cylinders,
EXCELINDUS,Chemicals,Industrial Chemicals,
EXCEL,Chemicals,Specialty Chemicals,
EXCELSOFT,IT,EdTech Software,
EXICOM,Capital Goods,EV Charging Equipment,
EXIDEIND,AUTO,Batteries,
EXPLEOSOL,Chemicals,Explosives,
FABTECH,IT,IT Services,
FACT,Materials,Chemicals,
FAIRCHEMOR,Materials,Chemicals,
FAZE3Q,Textiles,Home Textiles,
FCSSOFT,IT,IT Services,
FDC,PHARMA,Formulations,
FEDFINA,NBFC,NBFC,
FEDERALBNK,Private Bank,Private Sector Bank,
FMGOETZE,Auto Components,Engine Parts,
FIBERWEB,Textiles,Nonwoven Fabrics,
FIEMIND,Auto Components,Auto Components,
FILATFASH,Textiles,Fashion Fabrics,
FILATEX,Textiles,Polyester Yarn,
FINEORG,Chemicals,Specialty Chemicals,
FCL,Chemicals,Specialty Chemicals,
FINKURVE,Others,Apparel,
FINOPB,Private Bank,Small Finance Bank,
FINCABLES,Industrials,Cables,
FINPIPE,Industrials,Plastic Pipes,
FSL,IT,IT Services,
FISCHER,AUTO,Automotive Components,
FIVESTAR,NBFC,NBFC,
FLAIR,Others,Writing Instruments,
FLEXITUFF,IT,IT Services,
FOCUS,ETF,Thematic ETF,
FOODSIN,FMCG,Food Products,
FORCEMOT,AUTO,Commercial Vehicles,
FORTIS,PHARMA,Hospitals,
FOSECOIND,Chemicals,Refractories,
NYKAA,Consumer Discretionary,Beauty Retail,
UTLSOLAR,Capital Goods,Solar EPC,
FUSION,Financial Services,Microfinance,
FMNL,Others,Fashion Retail,
GMBREW,FMCG,Alcoholic Beverages,
GRINFRA,Industrials,Infrastructure,
GTECJAINX,Textiles,Yarn,
GABRIEL,Auto Components,Auto Components,
GATECH,IT,IT Services,
GATECHDVR,IT,IT Services,
GAIL,ENERGY,Gas Transmission,
GALAPREC,INFRA,Real Estate,
GALAXYSURF,Chemicals,Specialty Chemicals,
GALLANTT,Materials,Steel,
GANDHAR,Chemicals,Specialty Chemicals,
GANDHITUBE,IT,IT Services,
GANESHBE,Chemicals,Dyes & Pigments,
GANESHCP,Chemicals,Specialty Chemicals,
GANESHHOU,REALITY,Residential Realty,
GANECOS,FMCG,Cosmetics,
GANGAFORGE,Auto Components,Forgings,
GANGESSECU,Financial Services,Investment Company,
GRSE,Industrials,Shipbuilding (Defence),
GARUDA,Defence,Aerospace Components,
GRWRHITECH,IT,IT Services,
GARFIBRES,Textiles,Technical Textiles,
GATEWAY,Logistics,Port Logistics,
GAYAHWS,FMCG,Packaged Foods,
GVPIL,INFRA,EPC,
GVT&D,Industrials,Capital Goods,
GEECEE,Chemicals,Specialty Chemicals,
GEEKAYWIRE,Metals,Steel Wires,
GEMAROMA,Chemicals,Fragrances,
GICRE,Financial Services,Reinsurance,
GENCON,INFRA,Construction,
GENESYS,IT,Geospatial IT Services,
GENUSPAPER,Others,Paper Manufacturing,
GEOJITFSL,IT,IT Services,
GFLLIMITED,IT,IT Services,
GHCL,Chemicals,Soda Ash,
GHCLTEXTIL,Textiles,Home Textiles,
GICHSGFIN,Financial Services,Housing Finance,
GILLANDERS,Textiles,Tea & Textiles,
GILLETTE,FMCG,Personal Care,
GINNIFILA,Textiles,Denim,
GKENERGY,Power,Renewable Energy,
GKWLIMITED,IT,IT Services,
GLAND,PHARMA,Injectables,
GLAXO,PHARMA,Formulations,
GLENMARK,PHARMA,Formulations,
MEDANTA,PHARMA,Healthcare Services,
GLOBALVECT,Financial Services,Investment Company,
GLOBALE,IT,IT Services,
GLOBECIVIL,INFRA,Roads,
GLOBE,Textiles,Fabric,
GLOBUSSPR,Textiles,Garments,
GLOSTERLTD,Textiles,Jute Products,
GLOTTIS,IT,IT Services,
GMMPFAUDLR,Industrials,Process Equipment,
GMRAIRPORT,Industrials,Ports,
GMRP&UI,INFRA,Airports,
GNA,Auto Components,Auto Components,
EBGNG,IT,IT Services,
GODIGIT,IT,IT Services,
GOCOLORS,Others,Apparel,
GOACARBON,Chemicals,Calcined Petroleum Coke,
GOCLCORP,Chemicals,Explosives,
GODAVARIB,Sugar,Sugar,
GPIL,Materials,Sponge Iron & Steel,
GODFRYPHLP,FMCG,Tobacco,
GODREJAGRO,FMCG,Agro Products,
GODREJCP,FMCG,Personal Care,
GODREJIND,Others,Diversified,
GODREJPROP,REALITY,Real Estate Development,
GOKEX,Textiles,Textile Exports,
GOKULAGRO,FMCG,Edible Oils,
GOKUL,FMCG,Edible Oils,
GOLDIAM,Consumer Discretionary,Jewellery Exports,
GOODLUCK,Metals,Steel Pipes,
GOPAL,FMCG,Dairy,
GULFPETRO,Chemicals,Petrochemicals,
GPTHEALTH,PHARMA,Hospitals,
GPTINFRA,Industrials,Infrastructure,
GRANULES,PHARMA,Healthcare,
GRAPHITE,IT,IT Services,
GRASIM,Materials,Construction Materials,
GRAVITA,IT,IT Services,
GREAVESCOT,AUTO,Engines & EV Components,
GREENLAM,Materials,Laminates,
GREENPANEL,Materials,MDF Boards,
GREENPLY,Materials,Plywood,
GRINDWELL,Industrials,Abrasives,
GRMOVER,FMCG,Rice,
GROWWCAPM,Financial Services,Capital Markets,
GROWWCHEM,Materials,Chemicals,
GROWWDEFNC,ETF,Defence ETF,
GROWWEV,ETF,EV ETF,
GROWWGOLD,ETF,Gold ETF,
GROWWLIQID,ETF,Liquid ETF,
GROWWLOVOL,ETF,Low Volatility ETF,
GROWWMC150,ETF,Midcap ETF,
GROWWMETAL,Metals,Diversified Metals,
GROWWMOM50,ETF,Momentum ETF,
GROWWN200,ETF,Nifty 200 ETF,
GROWWNET,ETF,Nifty ETF,
GROWWNIFTY,ETF,Nifty ETF,
GROWWNXT50,ETF,Next 50 ETF,
GROWWPOWER,ENERGY,Power Utilities,
GROWWRAIL,Industrials,Railways,
GROWWRLTY,ETF,Realty ETF,
GROWWSC250,ETF,Smallcap ETF,
GROWWSLVR,ETF,Silver ETF,
GRPLTD,Chemicals,Specialty Chemicals,
GSS,IT,IT Services,
GTLINFRA,Industrials,Infrastructure,
GTL,Telecom,Infrastructure,
GTPL,Others,Cable & Broadband,
GUFICBIO,PHARMA,Formulations,
GIPCL,Power,Power Generation,
GNFC,Chemicals,Fertilizers & Chemicals,
GSFC,Chemicals,Fertilizers,
GUJAPOLLO,Auto Components,Tyres,
GUJALKALI,Chemicals,Soda Ash,
GAEL,ENERGY,Renewable Energy,
FLUOROCHEM,Materials,Chemicals,
GUJGASLTD,ENERGY,Gas Distribution,
GKSL,Textiles,Textiles,
GLFL,Textiles,Fabrics,
GMDCLTD,Materials,Metals & Mining,
GPPL,Logistics,Port Operations,
GSPL,ENERGY,Gas Transmission,
GUJTHEM,Chemicals,Specialty Chemicals,
GULFOILLUB,ENERGY,Oil & Gas,
GULPOLY,Chemicals,Plastic Products,
GVPTECH,IT,IT Services,
HGINFRA,Industrials,Infrastructure,
HGM,Metals,Steel Products,
HAPPSTMNDS,IT,IT Services,
HAPPYFORGE,AUTO,Forgings,
HARIOMPIPE,Materials,Steel Pipes,
HARRMALAYA,FMCG,Tobacco,
HARSHA,Others,Hotels,
HATHWAY,Others,Cable & Broadband,
HATSUN,FMCG,Dairy,
HAVELLS,Others,Electrical Equipment,
HBLENGINE,Industrials,Capital Goods,
HCL-INSYS,IT,IT Hardware,
HCLTECH,IT,IT Services,
HDBFS,NBFC,NBFC,
HDFCAMC,Financial,Banks,
HDFCBANK,Financial,Banks,
HDFCGOLD,Financial,Banks,
HDFCLIFE,Financial,Banks,
HDFCBSE500,Financial,Banks,
HDFCGROWTH,Financial,Banks,
HDFCLIQUID,Financial,Banks,
HDFCLOWVOL,Financial,Banks,
HDFCMID150,Financial,Banks,
HDFCMOMENT,Financial,Banks,
HDFCNEXT50,Financial,Banks,
HDFCNIF100,Financial,Banks,
HDFCNIFBAN,Financial,Banks,
HDFCNIFIT,Financial,Banks,
HDFCNIFTY,Financial,Banks,
HDFCPVTBAN,Financial,Banks,
HDFCQUAL,Financial,Banks,
HDFCSENSEX,Financial,Banks,
HDFCSILVER,Financial,Banks,
HDFCSML250,Financial,Banks,
HDFCVALUE,Financial,Banks,
HDFCPSUBK,Financial,Banks,
HEADSUP,Others,Apparel,
HCG,PHARMA,Oncology Hospitals,
HECPROJECT,INFRA,EPC,
HEG,Materials,Graphite Electrodes,
HEIDELBERG,Cement,Cement Manufacturing,
HEMIPROP,REALITY,Realty Development,
HERANBA,Chemicals,Agro Chemicals,
HERITGFOOD,IT,IT Services,
HEROMOTOCO,AUTO,Two Wheelers,
HESTERBIO,PHARMA,Animal Healthcare,
HEXATRADEX,Metals,Steel Trading,
HEXT,IT,Information Technology,
HFCL,Telecom,Telecom Equipment,
HITECH,IT,IT Services,
HILINFRA,Industrials,Infrastructure,
HIKAL,Chemicals,Specialty Chemicals,
HILTON,Others,Hospitality,
HSCL,Industrials,Infrastructure Construction,
HIMATSEIDE,Textiles,Home Textiles,
HIRECT,IT,Software,
HINDALCO,Materials,Aluminium,
HINDCON,INFRA,Construction,
HPIL,FMCG,Edible Oils,
HGS,IT,BPM,
HAL,Industrials,Capital Goods,
HINDCOMPOS,AUTO,Brake Linings,
HCC,Industrials,Infrastructure Construction,
HINDCOPPER,Materials,Copper Mining,
HNDFDS,FMCG,Packaged Foods,
HMVL,Others,Print Media,
HINDOILEXP,ENERGY,Oil & Gas,
HINDPETRO,ENERGY,Oil Refining,
HINDUNILVR,FMCG,Personal Care & Foods,
HINDZINC,Materials,Zinc Mining,
HINDWAREAP,Others,Sanitaryware,
HISARMETAL,Metals,Diversified Metals,
POWERINDIA,ENERGY,Power Utilities,
HITECHCORP,IT,IT Services,
HLEGLAS,Materials,Glass,
HLVLTD,Others,Hospitality,
HMAAGRO,FMCG,Meat Processing,
HOMEFIRST,Financial,Financial Services,
HONASA,FMCG,Beauty & Personal Care,
HONDAPOWER,ENERGY,Power Utilities,
HONAUT,Industrials,Industrial Automation,
HPAL,FMCG,Edible Oils,
HPL,Industrials,Electrical Equipment,
HUDCO,NBFC,Housing Finance (Govt NBFC),
HTMEDIA,PHARMA,Healthcare Services,
HUBTOWN,REALITY,Realty Development,
HUHTAMAKI,FMCG,Packaging,
HYBRIDFIN,NBFC,NBFC,
HYUNDAI,AUTO,Passenger Vehicles,
IGPL,Chemicals,Specialty Chemicals,
ICDSLTD,NBFC,NBFC,
ICEMAKE,FMCG,Ice Cream,
ICICIBANK,Financial,Banks,
ICICIGI,Financial,Banks,
LOWVOLIETF,ETF,Low Volatility ETF,
ICICIPRULI,Financial,Banks,
MIDSELIETF,ETF,Midcap ETF,
NIF100IETF,ETF,Nifty 100 ETF,
NIFTYIETF,ETF,Nifty ETF,
SENSEXIETF,ETF,Sensex ETF,
ICICIAMC,Financial,Banks,
GOLDIETF,ETF,Gold ETF,
NV20IETF,ETF,Nifty Next 20 ETF,
ICICIB22,Financial,Banks,
CASHIETF,ETF,Liquid ETF,
EVIETF,ETF,EV Theme ETF,
GSEC10IETF,ETF,Gilt 10Y ETF,
BSE500IETF,ETF,BSE 500 ETF,
GSEC5IETF,ETF,Gilt 5Y ETF,
ALPL30IETF,ETF,Alpha Strategy ETF,
AUTOIETF,AUTO,Auto OEM,
PVTBANIETF,ETF,Private Bank ETF,
COMMOIETF,ETF,Commodity ETF,
CONSUMIETF,ETF,Consumption ETF,
FMCGIETF,ETF,FMCG ETF,
INFRAIETF,Industrials,Infrastructure,
LIQUIDIETF,ETF,Liquid ETF,
MIDCAPIETF,ETF,Midcap ETF,
MOM30IETF,ETF,Momentum ETF,
NEXT50IETF,ETF,Nifty Next 50 ETF,
HEALTHIETF,ETF,Healthcare ETF,
QUAL30IETF,ETF,Quality ETF,
SILVERIETF,ETF,Silver ETF,
ITIETF,IT,IT Services,
BANKIETF,Financial,Banks,
METALIETF,Metals,Diversified Metals,
OILIETF,ENERGY,Oil & Gas,
PSUBNKIETF,ETF,PSU Bank ETF,
TOP15IETF,ETF,Top 15 ETF,
VAL30IETF,ETF,Value ETF,
FINIETF,ETF,Financial ETF,
ICRA,Financial Services,Credit Rating Agency,
IDBI,PSU Bank,Public Sector Bank,
IDEAFORGE,Defence,Drones,
IDFCFIRSTB,Private Bank,Private Sector Bank,
IFBAGRO,FMCG,Alcoholic Beverages,
IFBIND,Others,Appliances,
IFCI,Financial Services,Development Finance Institution,
IFGLEXPOR,Others,Refractories,
IGARASHI,AUTO,Motors,
IIFLCAPS,NBFC,NBFC,
IIFL,NBFC,NBFC,
IKIO,Capital Goods,LED Lighting,
IVC,PHARMA,Veterinary Pharma,
IMAGICAA,Others,Theme Park,
INCREDIBLE,Others,Travel Retail,
IMPAL,Auto Components,Distribution,
INDSWFTLAB,PHARMA,Pharma,
INDTERRAIN,Others,Apparel,
INDBANK,Financial,Banks,
BAJAJINDEF,Defence,Defence Equipment,
INDGN,PHARMA,Healthcare,
INDIAGLYCO,FMCG,Processed Foods,
INDNIPPON,AUTO,Auto Parts,
IPL,Chemicals,Agro Chemicals,
INDIASHLTR,Financial Services,Housing Finance,
ITDC,IT,IT Services,
IBULLSLTD,NBFC,NBFC,
INDIAMART,FMCG,Consumer Services,
INDIANB,Financial,Financial Services,
INDIANCARD,Financial Services,Payment Processing,
IEX,Financial,Financial Services,
INDIANHUME,INFRA,Water Pipes,
IMFA,Metals,Ferro Alloys,
IOC,ENERGY,Oil Gas & Consumable Fuels,
IOB,PSU Bank,Public Sector Bank,
IRCTC,Consumer Discretionary,Rail Catering & Ticketing,
IRFC,Financial Services,Infrastructure Finance,
IREDA,Financial,Financial Services,
INDIGOPNTS,Chemicals,Paints,
INDIQUBE,REALITY,Co-working,
INDOAMIN,Chemicals,Specialty Chemicals,
INDOBORAX,Chemicals,Specialty Chemicals,
ICIL,Industrials,Engineering Services,
INDOFARM,Capital Goods,Tractors,
INDORAMA,Chemicals,Polyester,
INDOTECH,IT,IT Services,
INDOTHAI,Chemicals,Trading Chemicals,
INDOUS,IT,IT Services,
NIPPOBATRY,Others,Batteries,
INDOCO,PHARMA,Formulations,
IGCL,Chemicals,Specialty Chemicals,
INDOSTAR,NBFC,NBFC,
INDOWIND,Power,Renewable Energy,
IGL,ENERGY,City Gas Distribution,
INDRAMEDCO,PHARMA,Healthcare Services,
INDUSTOWER,Telecom,Telecommunication,
INDUSINDBK,Financial,Financial Services,
IITL,IT,IT Services,
NAUKRI,IT,Online Recruitment,
INFOBEAN,IT,IT Services,
INFOMEDIA,PHARMA,Healthcare Services,
INFY,IT,Information Technology,
INGERRAND,Capital Goods,Air Compressors,
INNOVACAP,NBFC,NBFC,
INNOVANA,IT,IT Services,
INOXGREEN,Power,Renewable O&M,
INOXINDIA,Industrials,Capital Goods,
INOXWIND,Industrials,Capital Goods,
INSECTICID,Chemicals,Agro Chemicals,
INSPIRISYS,IT,IT Services,
ESSENTIA,Chemicals,Specialty Chemicals,
INTELLECT,IT,Information Technology,
INTENTECH,IT,IT Services,
INTERARCH,Capital Goods,Pre Engineered Buildings,
INDIGO,Others,Services,
IGIL,Others,Services,
INTLCONV,Others,Paperboard,
ISFT,IT,IT Services,
INVENTURE,Financial Services,Broking,
IKS,IT,Information Technology,
IVZINGOLD,ETF,Gold ETF,
IVZINNIFTY,ETF,Nifty ETF,
IOLCP,PHARMA,APIs,
IONEXCHANG,Capital Goods,Water Treatment,
IPCALAB,PHARMA,Pharma,
IRB,INFRA,Toll Roads,
IRCON,INFRA,Railway EPC,
IRISDOREME,Others,Lingerie,
IRIS,IT,Software,
IRMENERGY,ENERGY,City Gas Distribution,
ISGEC,Industrials,Engineering Equipment,
ISHANCH,INFRA,EPC,
ITCHOTELS,IT,IT Services,
ITC,IT,IT Services,
ITI,IT,IT Services,
IVALUE,IT,IT Distribution,
IVP,Chemicals,Specialty Chemicals,
IZMO,IT,Automotive Digital Solutions,
J&KBANK,Financial,Banks,
JBCHEPHARM,PHARMA,Formulations,
JGCHEM,Materials,Chemicals,
JAGRAN,Others,Print Media,
JAGSNPHARM,PHARMA,Formulations,
JAIBALAJI,Metals,Steel,
JAICORPLTD,Textiles,Diversified,
JISLDVREQS,AUTO,Drivetrain Components,
JISLJALEQS,Capital Goods,Irrigation Systems,
JAINREC,Others,Scrap Recycling,
JPPOWER,ENERGY,Power Utilities,
JAMNAAUTO,AUTO,Auto OEM,
JSFB,BANKING & FINANCIALS,Small Finance Bank,
JARO,Others,EdTech,
JASH,Capital Goods,Water Equipment,
JAYBARMARU,Auto Components,Auto Electricals,
JAYAGROGN,Chemicals,Agro Chemicals,
JAYNECOIND,Textiles,Garments,
JAYKAY,Textiles,Yarn,
JAYSREETEA,FMCG,Tea,
JBMA,Auto Components,Auto Components,
JSLL,Metals,Steel Long Products,
JHS,FMCG,Personal Care,
RETAIL,FMCG,Retail,
JPOLYINVST,Financial Services,Investment Company,
JINDRILL,ENERGY,Oilfield Services,
JINDALPHOT,Materials,Imaging Products,
JINDALPOLY,Materials,Packaging Films,
JINDALSAW,Materials,Steel Pipes,
JSL,Materials,Stainless Steel,
JINDALSTEL,Materials,Steel,
JINDWORLD,Textiles,Textile Manufacturing,
JKIPL,INFRA,Construction,
JIOFIN,Financial,Financial Services,
JITFINFRA,IT,IT Services,
JKCEMENT,Materials,Cement,
JKLAKSHMI,Cement,Cement Manufacturing,
JKPAPER,Others,Paper Manufacturing,
JKTYRE,AUTO,Tyres,
JKIL,Industrials,Infrastructure Construction,
JMFINANCIL,NBFC,NBFC,
JNKINDIA,Capital Goods,Industrial Equipment,
JOCIL,Chemicals,Oleochemicals,
JSWCEMENT,Materials,Cement,
JSWENERGY,ENERGY,Power Generation,
JSWHL,Financial Services,Holding Company,
JSWINFRA,Industrials,Infrastructure,
JSWSTEEL,Metals,Steel,
JTEKTINDIA,Auto Components,Auto Components,
JTLIND,Metals,Steel Tubes,
JUBLCPL,FMCG,Packaged Foods,
JUBLFOOD,FMCG,Food Products,
JUBLINGREA,Chemicals,Specialty Chemicals,
JUBLPHARMA,PHARMA,Pharma,
JMA,AUTO,Auto Components,
JUNIPER,IT,Software,
JLHL,Others,Hospitality,
JWL,Logistics,Rail Freight Wagons,
JUSTDIAL,IT,Online Search Platform,
JYOTHYLAB,PHARMA,Pharma,
JYOTICNC,Industrials,Capital Goods,
JYOTISTRUC,INFRA,EPC & Construction,
KMSUGAR,FMCG,Sugar,
KPEL,INFRA,Power EPC,
KABRAEXTRU,Industrials,Plastic Extrusion,
KAJARIACER,Materials,Ceramic Tiles,
KAKATCEM,Cement,Cement Manufacturing,
KALPATARU,INFRA,Power Transmission EPC,
KPIL,Industrials,Infrastructure EPC,
KALYANKJIL,Consumer Discretionary,Jewellery Retail,
KALYANIFRG,AUTO,Forgings,
KICL,PHARMA,APIs,
KSL,Textiles,Textile Manufacturing,
KAMATHOTEL,Consumer Discretionary,Hotels,
KAMDHENU,Metals,TMT Bars,
KAMOPAINTS,Chemicals,Paints,
KANANIIND,Chemicals,Industrial Chemicals,
KANORICHEM,Materials,Chemicals,
KANPRPLA,Others,Plastic Products,
KANSAINER,Chemicals,Paints,
KARMAENG,Capital Goods,Engineering Services,
KTKBANK,Financial,Banks,
KARURVYSYA,Private Bank,Private Sector Bank,
KAUSHALYA,INFRA,Roads & EPC,
KSCL,REALITY,Real Estate Development,
KAVDEFENCE,Defence,Defence Equipment,
KAYA,PHARMA,Dermatology Clinics,
KAYNES,Industrials,Capital Goods,
KCP,Cement,Cement Manufacturing,
KCPSUGIND,Sugar,Sugar Manufacturing,
KDDL,Consumer Discretionary,Watches,
KEC,Industrials,Power Transmission EPC,
KEI,Industrials,Cables,
KELLTONTEC,IT,IT Services,
KERNEX,IT,Railway Signalling,
KKCL,Others,Apparel Retail,
KEYFINSERV,NBFC,NBFC,
RUSTOMJEE,REALITY,Residential Realty,
KFINTECH,IT,IT Services,
KHADIM,Consumer Discretionary,Footwear Retail,
KHAITANLTD,IT,IT Services,
KHAICHEM,Materials,Chemicals,
KHANDSE,Financial Services,Investment Company,
KILITCH,IT,IT Services,
KINGFA,Chemicals,Polymer Compounds,
KIOCL,Metals,Iron Ore,
KIRIINDUS,Chemicals,Dyes & Intermediates,
KIRLOSBROS,Industrials,Pumps,
KECL,Capital Goods,Electrical Equipment,
KIRLOSIND,Capital Goods,Diversified Engineering,
KIRLOSENG,Industrials,Capital Goods,
KIRLPNU,Capital Goods,Pumps,
KITEX,IT,IT Services,
KNAGRI,FMCG,Agro Processing,
KMEW,Chemicals,Specialty Chemicals,
KNRCON,Industrials,Road EPC,
KOHINOOR,REALITY,Residential Realty,
KOKUYOCMLN,Others,Office Supplies,
KOLTEPATIL,REALITY,Real Estate Development,
KOPRAN,PHARMA,Formulations,
GOLD1,ETF,Gold ETF,
KOTAKBANK,Financial,Banks,
NIFTY1,ETF,Nifty ETF,
PSUBANK,Financial,Banks,
CHEMICAL,Materials,Chemicals,
ALPHA,ETF,Alpha ETF,
CONS,ETF,Consumption ETF,
IT,IT,IT Services,
LIQUID1,ETF,Liquid ETF,
LOWVOL1,ETF,Low Volatility ETF,
MIDCAP,ETF,Midcap ETF,
MNC,ETF,MNC ETF,
SILVER1,ETF,Silver ETF,
NV20,ETF,Value ETF,
MID150,ETF,Midcap 150 ETF,
MOMENTUM30,ETF,Momentum ETF,
MSCIINDIA,ETF,MSCI India ETF,
NEXT50ETF,ETF,Next 50 ETF,
NIFTY100EW,ETF,Equal Weight ETF,
QUALITY30,IT,IT Services,
BANKNIFTY1,Financial,Banks,
KOTHARIPET,Chemicals,Specialty Chemicals,
KOTHARIPRO,Chemicals,Dyes & Intermediates,
KOTARISUG,Sugar,Sugar Manufacturing,
KPIGREEN,ENERGY,Renewable Energy,
KPITTECH,IT,IT Services,
KPRMILL,Textiles,Integrated Textiles,
KRBL,FMCG,Rice Processing,
KREBSBIO,PHARMA,APIs,
KRIDHANINF,Industrials,Infrastructure,
KRISHANA,Auto Components,Auto Components,
KRISHIVAL,FMCG,Agro Processing,
KRISHNADEF,Defence,Defence Manufacturing,
KIMS,PHARMA,Hospitals,
KRITI,IT,IT Services,
KRITINUT,IT,IT Services,
KRITIKA,IT,IT Services,
KRN,Capital Goods,Industrial Equipment,
KRONOX,Chemicals,Specialty Chemicals,
KROSS,AUTO,Forgings,
KRSNAA,PHARMA,Diagnostic Services,
KRYSTAL,INFRA,Facility Management,
KSB,Industrials,Pumps,
KSHINTL,Textiles,Garments,
KSHITIJPOL,IT,IT Services,
KSOLVES,IT,IT Services,
KUANTUM,Sugar,Sugar Manufacturing,
LTF,Financial,Financial Services,
LTTS,IT,Information Technology,
LAOPALA,Others,Glassware,
LAGNAM,Textiles,Apparel,
LFIC,NBFC,NBFC,
LAMBODHARA,Textiles,Textile Manufacturing,
LANDMARK,Others,Auto Retail,
LPDC,Others,Plastic Products,
LT,Industrials,Construction,
LASA,PHARMA,APIs,
LATENTVIEW,IT,Analytics Services,
LATTEYS,Capital Goods,Pumps,
LAURUSLABS,PHARMA,Pharma,
LAXMICOT,Textiles,Yarn,
LAXMIDENTL,PHARMA,Dental Care,
LGHL,Others,Hospitality,
LAXMIINDIA,Metals,Steel Products,
LXCHEM,Materials,Chemicals,
LEMERITE,IT,IT Services,
IXIGO,IT,Travel Tech,
THELEELA,FMCG,Consumer Services,
LEMONTREE,Consumer Discretionary,Hotels,
LENSKART,Others,Eyewear Retail,
LEXUS,REALITY,Realty,
LGBBROSLTD,Auto Components,Auto Components,
LGEINDIA,Others,Appliances,
LIBAS,Others,Apparel,
LIBERTSHOE,Others,Footwear,
LICHSGFIN,Financial Services,Housing Finance,
LICMFGOLD,ETF,Gold ETF,
LICNETFN50,ETF,Nifty 50 ETF,
LICNETFSEN,ETF,Sensex ETF,
LICNFNHGP,ETF,Healthcare ETF,
LICNETFGSC,ETF,PSU ETF,
LICNMID100,ETF,Midcap ETF,
LICI,Financial,Financial Services,
LIKHITHA,IT,IT Services,
LINC,Others,Stationery,
LINCOLN,PHARMA,Formulations,
LINDEINDIA,Materials,Chemicals,
LLOYDSENGG,Industrials,Engineering,
LLOYDSENT,Metals,Steel Pipes,
LLOYDSME,Materials,Steel,
LMW,Capital Goods,Textile Machinery,
LODHA,REALITY,Real Estate Development,
LOKESHMACH,Industrials,Machine Tools,
LORDSCHLO,Chemicals,Specialty Chemicals,
LAL,REALITY,Realty,
LOTUSEYE,PHARMA,Eye Hospitals,
LOVABLE,Textiles,Innerwear,
LOYALTEX,Textiles,Garments,
LTFOODS,FMCG,Food Products,
LTIM,IT,Information Technology,
LUMAXTECH,IT,IT Services,
LUMAXIND,Auto Components,Lighting,
LUPIN,PHARMA,Formulations,
LUXIND,Textiles,Innerwear,
LYKALABS,PHARMA,Pharma,
LYPSAGEMS,Others,Jewellery,
MBEL,INFRA,Construction,
MKPL,Chemicals,Specialty Chemicals,
M&MFIN,NBFC,NBFC,
MACPOWER,ENERGY,Power Utilities,
MADHAV,Materials,Granite,
MADHUCON,INFRA,Roads,
MBAPL,FMCG,Agro Products,
MADRASFERT,Materials,Fertilizers,
MAGADSUGAR,Sugar,Sugar Manufacturing,
MCLOUD,IT,Cloud Services,
MAGNUM,Financial Services,Investment Company,
MAHAPEXLTD,Textiles,Yarn,
MFML,NBFC,NBFC,
MHLXMIRU,ETF,Thematic ETF,
MGL,ENERGY,City Gas Distribution,
MTNL,Telecom,Telecom Services,
MAHSCOOTER,AUTO,Two Wheelers,
MAHSEAMLES,Industrials,Capital Goods,
MAHESHWARI,Textiles,Fabrics,
M&M,AUTO,Passenger & Commercial Vehicles,
MAHEPC,Capital Goods,Power Equipment,
MHRIL,Consumer Discretionary,Leisure Resorts,
MAHLIFE,REALITY,Real Estate Development,
MAHLOG,Logistics,Warehousing,
MAITHANALL,IT,IT Services,
MALLCOM,Others,Industrial Gloves,
MALUPAPER,Others,Paper Manufacturing,
MAMATA,Capital Goods,Packaging Machinery,
MANAKCOAT,Metals,Steel Coated Products,
MANINDS,Materials,Steel,
MANINFRA,Industrials,Infrastructure,
MANAKSIA,Metals,Metal Packaging,
MANAKSTEEL,Metals,Steel,
MANALIPETC,Chemicals,Petrochemicals,
MANAPPURAM,NBFC,NBFC – Gold Loans,
MANBA,NBFC,NBFC,
MANCREDIT,IT,IT Services,
MEIL,INFRA,EPC,
MANGLMCEM,Cement,Cement Manufacturing,
MGEL,Power,Renewable Energy,
MANORG,Chemicals,Industrial Chemicals,
MWL,Metals,Steel Products,
MANKIND,PHARMA,Healthcare,
MVGJL,Others,Jewellery,
MANORAMA,FMCG,Agro Processing,
MANUGRAPH,Capital Goods,Printing Machinery,
MARALOVER,Textiles,Yarn,
MARATHON,REALITY,Realty,
MARICO,FMCG,Personal Care,
MARINE,SHIPPING,Shipping,
MARKOLINES,INFRA,Roads,
MARKSANS,PHARMA,Formulations,
MARUTI,AUTO,Passenger Vehicles,
MASFIN,NBFC,NBFC,
MASKINVEST,Financial Services,Investment Company,
MASTEK,IT,IT Services,
MASTERTR,Financial Services,Broking,
MATRIMONY,IT,Internet Services,
MAWANASUG,Sugar,Sugar Manufacturing,
MAXESTATES,REALITY,Realty Development,
MFSL,Financial Services,Insurance Broking,
MAXHEALTH,PHARMA,Hospitals,
MAXIND,Financial Services,Investment Company,
MAYURUNIQ,Auto Components,Synthetic Leather,
MAZDOCK,Industrials,Defence Shipbuilding,
MAZDA,Capital Goods,Industrial Equipment,
MBLINFRA,Industrials,Infrastructure,
MCLEODRUSS,FMCG,Tea,
MEDIASSIST,PHARMA,Healthcare Services,
MEDICAMEQ,PHARMA,Healthcare Services,
MEDICO,PHARMA,Healthcare Services,
MEDPLUS,PHARMA,Healthcare Services,
MEESHO,IT,E Commerce,
MOL,Chemicals,Industrial Chemicals,
MENONBE,Industrials,Castings,
METROBRAND,Consumer Discretionary,Footwear Retail,
METROPOLIS,PHARMA,Diagnostics,
MICEL,Chemicals,Industrial Chemicals,
MIDWESTLTD,Metals,Mining Services,
MINDACORP,Auto Components,Auto Components,
MINDTECK,IT,IT Services,
ALPHAETF,ETF,Alpha ETF,
BANKETF,Financial,Banks,
BANKPSU,Financial,Banks,
CONSUMER,FMCG,FMCG,
DIVIDEND,ETF,Dividend ETF,
ENERGY,ETF,Energy ETF,
EQUAL200,ETF,Equal Weight ETF,
EQUAL50,ETF,Equal Weight ETF,
EVINDIA,ETF,EV ETF,
INTERNET,ETF,Internet ETF,
ITETF,IT,IT Services,
LIQUID,ETF,Liquid ETF,
LIQUIDPLUS,ETF,Liquid Plus ETF,
ESG,ETF,ESG ETF,
MAFANG,ETF,International ETF,
BFSI,ETF,BFSI ETF,
GOLDETF,ETF,Gold ETF,
GSEC10YEAR,ETF,Gilt 10Y ETF,
MAHKTECH,IT,IT Services,
MIDCAPETF,ETF,Midcap ETF,
MAKEINDIA,ETF,Manufacturing ETF,
NIFTYETF,ETF,Nifty ETF,
LOWVOL,ETF,Low Volatility ETF,
NEXT50,ETF,Next 50 ETF,
SILVERAG,ETF,Silver ETF,
MASPTOP50,ETF,Large Cap ETF,
METAL,Metals,Diversified Metals,
MIDSMALL,ETF,Mid Small ETF,
MULTICAP,ETF,Multicap ETF,
SELECTIPO,ETF,IPO ETF,
SENSEXETF,ETF,Sensex ETF,
SMALL250,ETF,Smallcap ETF,
SMALLCAP,ETF,Smallcap ETF,
TOP20,ETF,Large Cap ETF,
MIRCELECTR,Others,Electronics,
MIRZAINT,Textiles,Footwear Export,
MIDHANI,Materials,Special Alloys,
MITCON,IT,IT Services,
MITTAL,IT,IT Services,
MMFL,NBFC,NBFC,
MMP,NBFC,NBFC,
MMTC,Metals,Trading,
MODTHREAD,Textiles,Yarn,
MODINATUR,FMCG,Agro Processing,
MODIRUBBER,AUTO,Tyres,
MODIS,Chemicals,Specialty Chemicals,
MODISONLTD,Capital Goods,Electrical Components,
MOHITIND,IT,IT Services,
MOIL,ENERGY,Oil & Gas,
MOKSH,Textiles,Apparel,
MOLDTKPAC,Others,Plastic Packaging,
MOLDTECH,IT,IT Services,
MONARCH,Financial Services,Stock Broking,
MONEYBOXX,NBFC,NBFC,
MONTECARLO,Textiles,Garments,
MOREPENLAB,PHARMA,Pharma,
MOSCHIP,IT,Semiconductor Design,
MSUMI,AUTO,Wiring Harness,
MOM100,ETF,Momentum ETF,
MON100,ETF,Nifty 100 ETF,
MOTILALOFS,Financial Services,Broking & AMC,
MOM50,ETF,Momentum ETF,
MOGSEC,Financial Services,Broking,
MOALPHA50,ETF,Alpha ETF,
MOCAPITAL,Financial,NBFC,
MODEFENCE,ETF,Defence ETF,
MOENERGY,ETF,Energy ETF,
MOGOLD,ETF,Gold ETF,
MOHEALTH,ETF,Healthcare ETF,
MOINFRA,Industrials,Infrastructure,
MOIPO,ETF,IPO ETF,
MOLOWVOL,ETF,Low Vol ETF,
MOMENTUM50,ETF,Momentum ETF,
MOMGF,ETF,Growth ETF,
MOMIDMTM,ETF,Midcap Momentum ETF,
MOMNC,ETF,MNC ETF,
MOMOMENTUM,ETF,Momentum ETF,
MON50EQUAL,ETF,Equal Weight ETF,
MONEXT50,ETF,Next 50 ETF,
MONIFTY100,ETF,Nifty 100 ETF,
MONIFTY500,ETF,Nifty 500 ETF,
MONQ50,ETF,Quality ETF,
MOPSE,ETF,PSU ETF,
MOQUALITY,IT,IT Services,
MOREALTY,REALITY,Real Estate,
MOSERVICE,ETF,Services ETF,
MOSILVER,ETF,Silver ETF,
MOSMALL250,ETF,Smallcap ETF,
MOTOUR,AUTO,Two Wheelers,
MOVALUE,ETF,Value ETF,
MOTISONS,Others,Jewellery Retail,
MOTOGENFIN,NBFC,NBFC,
MPHASIS,IT,IT Services,
MPSLTD,IT,Publishing Services,
MRF,AUTO,Tyres,
MRPL,ENERGY,Oil Refining,
BECTORFOOD,FMCG,Food Products,
MSPL,Materials,Iron Ore Mining,
MSTCLTD,Financial Services,E-Commerce (Govt Trading),
MTARTECH,IT,IT Services,
MUFIN,NBFC,NBFC,
MUKANDLTD,Materials,Steel,
MUKKA,FMCG,Marine Products,
MUKTAARTS,Others,Film Production,
MCX,Financial Services,Commodity Exchange,
MUNJALAU,Auto Components,Auto Components,
MUNJALSHOW,Auto Components,2W Components,
MURUDCERA,Others,Sanitaryware,
RADIOCITY,IT,IT Services,
MUTHOOTCAP,NBFC,NBFC,
MUTHOOTFIN,NBFC,NBFC – Gold Loans,
MUTHOOTMF,Financial Services,Microfinance,
NRAIL,Industrials,Railways,
NBIFIN,NBFC,NBFC,
NACLIND,Chemicals,Agro Chemicals,
NDGL,ENERGY,Gas Distribution,
NAGAFERT,Materials,Fertilizers,
NAGREEKCAP,NBFC,NBFC,
NAGREEKEXP,Textiles,Garments,
NAHARCAP,Financial Services,Investment Company,
NAHARINDUS,Textiles,Yarn,
NAHARPOLY,Textiles,Polyester,
NAHARSPING,Textiles,Spinning,
NGIL,Chemicals,Specialty Chemicals,
NSIL,NBFC,NBFC,
NDL,Textiles,Denim,
JAIPURKURT,Consumer Discretionary,Apparel Retail,
NH,PHARMA,Hospitals,
NARMADA,INFRA,EPC,
NATCOPHARM,PHARMA,Formulations,
NATHBIOGEN,Chemicals,Agro Chemicals,
NATIONALUM,Materials,Aluminium,
NFL,Chemicals,Fertilizers,
NATCAPSUQ,PHARMA,Formulations,
NAVA,ENERGY,Power,
NAVINFLUOR,Chemicals,Specialty Chemicals,
NAVKARCORP,Logistics,Container Logistics,
NAVNETEDUL,IT,EdTech,
NAZARA,IT,Gaming,
NBCC,INFRA,Real Estate EPC,
NCC,Industrials,Construction,
NCLIND,Cement,Cement Manufacturing,
NDLVENTURE,Financial Services,Investment Company,
NDRAUTO,AUTO,Auto OEM,
NDTV,Others,Broadcasting,
NELCAST,AUTO,Castings,
NELCO,Telecom,Communication Equipment,
NEOGEN,Chemicals,Specialty Chemicals,
NEPHROPLUS,PHARMA,Dialysis Services,
NESCO,REALITY,Commercial Real Estate,
NESTLEIND,FMCG,Packaged Foods,
NETWEB,IT,Information Technology,
NPST,IT,Payment Technology,
NETWORK18,Others,Broadcasting,
NEULANDLAB,PHARMA,Pharma,
NEWGEN,IT,Enterprise Software,
NEXTMEDIA,PHARMA,Healthcare Services,
NGLFINE,Chemicals,Specialty Chemicals,
NHPC,Power,Hydro Power,
NIBE,Defence,Defence Engineering,
NIITMTS,IT,IT Services,
NIITLTD,IT,IT Services,
NILAINFRA,Industrials,Infrastructure,
NILASPACES,REALITY,Residential Realty,
NILKAMAL,Others,Plastic Furniture,
NINSYS,IT,IT Services,
BANKBEES,Financial,Banks,
CONSUMBEES,ETF,Consumption ETF,
DIVOPPBEES,ETF,Dividend ETF,
NV20BEES,ETF,NV20 ETF,
GOLDBEES,ETF,Gold ETF,
HNGSNGBEES,ETF,Consumption ETF,
INFRABEES,Industrials,Infrastructure,
ITBEES,IT,IT Services,
JUNIORBEES,ETF,Nifty Next 50 ETF,
LIQUIDBEES,ETF,Liquid ETF,
LTGILTBEES,ETF,Gilt ETF,
MID150BEES,ETF,Midcap ETF,
NIF100BEES,ETF,Nifty 100 ETF,
NIFTYBEES,ETF,Nifty 50 ETF,
PSUBNKBEES,ETF,PSU Bank ETF,
SHARIABEES,ETF,Shariah ETF,
NAM-INDIA,Financial Services,Asset Management,
LIQGRWBEES,ETF,Liquid ETF,
MANUFGBEES,ETF,Manufacturing ETF,
AUTOBEES,AUTO,Auto OEM,
PHARMABEES,PHARMA,Pharma,
SILVERBEES,ETF,Silver ETF,
SNXT30BEES,ETF,Next 30 ETF,
NIRAJ,INFRA,Roads,
NIRAJISPAT,Metals,Steel Products,
NITCO,IT,IT Services,
NITINSPIN,IT,IT Services,
NITIRAJ,IT,IT Services,
NIVABUPA,Financial,Financial Services,
NKIND,Metals,Steel,
NLCINDIA,Power,Power Generation,
NMDC,Materials,Iron Ore Mining,
NSLNISP,Materials,Metals & Mining,
NOCIL,Chemicals,Rubber Chemicals,
NOIDATOLL,INFRA,Toll Roads,
NECCLTD,Others,Poultry,
NORTHARC,NBFC,NBFC,
NOVAAGRI,FMCG,Agro Processing,
NRBBEARING,Auto Components,Auto Components,
NIBL,NBFC,NBFC,
NTPCGREEN,ENERGY,Power,
NTPC,Power,Power Generation,
NUCLEUS,IT,Banking Software,
NRL,ENERGY,Refinery,
NURECA,Others,Healthcare Devices,
NUVAMA,Financial,Financial Services,
NUVOCO,Cement,Cement Manufacturing,
OBEROIRLTY,REALITY,Real Estate Development,
OCCLLTD,Cement,Cement Manufacturing,
ODIGMA,IT,Digital Marketing,
ONGC,ENERGY,Oil Exploration,
OILCOUNTUB,ENERGY,Oil & Gas,
OIL,ENERGY,Oil & Gas,
OLAELEC,AUTO,Electric Vehicles,
OLECTRA,AUTO,Electric Buses,
OMFREIGHT,Logistics,Freight Services,
OMINFRAL,Industrials,Infrastructure,
OMAXAUTO,AUTO,Auto OEM,
OMAXE,REALITY,Realty,
PAYTM,Financial Services,FinTech,
MOBIKWIK,Financial Services,FinTech,
ONEPOINT,IT,IT Services,
ONESOURCE,PHARMA,Healthcare,
ONMOBILE,IT,Telecom Software,
ONWARDTEC,IT,Software,
OPTIEMUS,IT,Electronics Distribution,
OFSS,IT,Banking Software,
ORBTEXP,Textiles,Fabrics,
ORCHASP,IT,IT Services,
ORCHPHARMA,PHARMA,Pharma,
ORIENTBELL,Others,Tiles,
ORIENTCEM,Cement,Cement Manufacturing,
ORIENTCER,Others,Ceramic Tiles,
ORIENTELEC,Others,Electrical Appliances,
GREENPOWER,ENERGY,Power Utilities,
ORIENTHOT,Consumer Discretionary,Hotels,
ORIENTPPR,Others,Paper Manufacturing,
ORIENTLTD,FMCG,Tea,
ORIENTTECH,IT,IT Services,
OAL,Chemicals,Industrial Chemicals,
ORIENTALTL,INFRA,Toll Roads,
OBCL,Chemicals,Specialty Chemicals,
ORISSAMINE,Metals,Iron Ore Mining,
ORKLAINDIA,FMCG,Packaged Foods,
OSIAHYPER,Others,Supermarket Retail,
OSWALAGRO,Chemicals,Petrochemicals,
OSWALGREEN,Chemicals,Specialty Chemicals,
OSWALPUMPS,Capital Goods,Pumps,
PNGJL,Others,Jewellery Retail,
PGHH,FMCG,Personal Care,
PACEDIGITK,IT,IT Services,
PAGEIND,Textiles,Innerwear,
PAISALO,NBFC,NBFC,
PAKKA,Others,Paper Products,
PALASHSECU,Financial Services,Investment Company,
PALREDTEC,IT,IT Services,
PANACEABIO,PHARMA,Vaccines,
PANACHE,Capital Goods,Electronics Manufacturing,
PANAMAPET,Chemicals,Petrochemicals,
PAR,INFRA,EPC,
PARADEEP,Chemicals,Fertilizers,
PARAGMILK,FMCG,Dairy,
PARACABLES,Capital Goods,Electrical Cables,
PARAS,Industrials,Defence Electronics,
PARKHOSPS,PHARMA,Hospitals,
PARKHOTELS,Others,Hospitality,
PARSVNATH,REALITY,Realty,
PASHUPATI,Textiles,Fabrics,
PASUPTAC,Textiles,Textiles,
PATANJALI,FMCG,Fast Moving Consumer Goods,
PATELENG,Industrials,Infrastructure Construction,
PATINTLOG,Logistics,Logistics Services,
PATELRMART,Others,Department Stores,
PAUSHAKLTD,Chemicals,Specialty Chemicals,
PAVNAIND,AUTO,Auto Components,
POLICYBZR,Financial,Financial Services,
PCJEWELLER,Others,Jewellery Retail,
PCBL,Chemicals,Carbon Black,
PDSL,Chemicals,Specialty Chemicals,
PGIL,Capital Goods,Industrial Equipment,
PEARLPOLY,Textiles,Polyester Yarn,
PENINLAND,REALITY,Realty,
PENIND,Industrials,Engineering,
PERSISTENT,IT,IT Services,
PETRONET,ENERGY,LNG Distribution,
PFIZER,PHARMA,Formulations,
PGEL,Materials,Engineering Plastics,
PWL,Capital Goods,Industrial Equipment,
PIIND,Chemicals,Agro Chemicals,
PICCADIL,FMCG,Alcoholic Beverages,
PIDILITIND,Materials,Specialty Chemicals,
PILITA,IT,IT Services,
PILANIINVS,Financial Services,Investment Company,
PINELABS,PHARMA,Pharma,
PIONEEREMB,Textiles,Embroidery,
PIRAMALFIN,NBFC,NBFC,
PPLPHARMA,PHARMA,Pharma,
PITTIENG,IT,IT Services,
PIXTRANS,AUTO,Belts & Drives,
PLASTIBLEN,Others,Flexible Packaging,
PLATIND,Chemicals,Specialty Chemicals,
PLAZACABLE,Capital Goods,Electrical Cables,
PNBGILTS,Financial Services,Primary Dealer,
PNBHOUSING,Financial Services,Housing Finance,
PNCINFRA,Industrials,Infrastructure,
PODDARMENT,Textiles,Denim,
POKARNA,Others,Granite,
POLYMED,PHARMA,Healthcare Services,
POLYCAB,Industrials,Cables & Wires,
POLYPLEX,Materials,Polyester Films,
POCL,Chemicals,Specialty Chemicals,
PONNIERODE,FMCG,Rice,
POONAWALLA,Financial,Financial Services,
PVSL,Textiles,Garments,
PFC,Financial Services,Infrastructure Finance,
POWERGRID,ENERGY,Power Utilities,
PIGL,Capital Goods,Industrial Equipment,
POWERMECH,ENERGY,Power Utilities,
PPAP,AUTO,Plastic Auto Parts,
PRABHA,INFRA,EPC,
PRAJIND,Industrials,Bioenergy Engineering,
PRAENG,Capital Goods,Engineering,
PRAKASH,Metals,Steel,
PPL,Chemicals,Fertilizers,
DIAMONDYD,Textiles,Garments,
PRAXIS,Others,Department Store,
PRECAM,AUTO,Castings,
PRECWIRE,Metals,Steel Wire,
PRECOT,Textiles,Yarn,
PREMIERENE,Industrials,Capital Goods,
PREMEXPLN,Chemicals,Explosives,
PREMIERPOL,Textiles,Polyester,
PRESTIGE,REALITY,Real Estate Development,
PRICOLLTD,Auto Components,Auto Components,
PFOCUS,Others,Film Production,
PRIMESECU,Financial Services,Broking,
PRIMO,Others,Home Appliances,
PRINCEPIPE,Industrials,Plastic Pipes,
PRSMJOHNSN,Others,Tiles,
PRITI,IT,IT Services,
PRITIKAUTO,IT,IT Services,
PNC,INFRA,Roads,
PRIVISCL,Chemicals,Specialty Chemicals,
PGHL,PHARMA,Formulations,
PROSTARM,Capital Goods,Power Solutions,
PROTEAN,IT,Digital Infrastructure,
PROZONER,REALITY,Commercial Realty,
PRUDENT,Financial Services,Wealth Management,
PRUDMOULI,Textiles,Garments,
PSPPROJECT,INFRA,Construction,
PFS,NBFC,NBFC,
PTC,Power,Power Trading,
PTCIL,Industrials,Capital Goods,
PTL,AUTO,Tyres,
PDMJEPAPER,Others,Paper Manufacturing,
PSB,PSU Bank,Public Sector Bank,
PUNJABCHEM,Materials,Chemicals,
PNB,PSU Bank,Public Sector Bank,
PURVA,REALITY,Residential Realty,
PVP,Others,Entertainment,
PVRINOX,Consumer Discretionary,Multiplexes,
PYRAMID,Others,Hospitality,
QUADFUTURE,ETF,Thematic ETF,
QPOWER,ENERGY,Power Utilities,
QGOLDHALF,ETF,Gold ETF,
QNIFTY,ETF,Nifty ETF,
QUESS,Industrials,Staffing Services,
QUICKHEAL,IT,Cybersecurity Software,
RKSWAMY,Others,Advertising,
RMDRIP,Chemicals,Drip Irrigation,
RRKABEL,Industrials,Cables,
RSYSTEMS,IT,Digital Engineering,
RNBDENIMS,Textiles,Denim,
RSSOFTWARE,IT,IT Services,
RPPINFRA,Industrials,Infrastructure,
RACE,Capital Goods,Industrial Equipment,
RACLGEAR,Auto Components,Gears,
RADAAN,Others,Film Production,
RADHIKAJWE,Others,Jewellery,
RADIANTCMS,Financial Services,Cash Logistics,
RADICO,FMCG,Fast Moving Consumer Goods,
RPEL,INFRA,EPC,
RVNL,INFRA,Railway EPC,
RAILTEL,Industrials,Railways,
RAIN,Chemicals,Calcined Petroleum Coke,
RAINBOW,PHARMA,Healthcare,
ROML,Logistics,Transport,
RAJTV,Others,Broadcasting,
ARENTERP,Metals,Steel Trading,
RAJMET,Metals,Steel,
RAJOOENG,Capital Goods,Plastic Machinery,
RAJRATAN,Auto Components,Tyre Bead Wire,
RPPL,Chemicals,Specialty Chemicals,
RAJSREESUG,Sugar,Sugar Manufacturing,
RALLIS,Chemicals,Agro Chemicals,
RAMRAT,FMCG,Dairy,
RAMAPHO,Textiles,Garments,
RAMASTEEL,Metals,Steel,
RAMCOIND,Materials,Building Materials,
RAMCOSYS,IT,Enterprise Software,
RKFORGE,Auto Components,Forgings,
RAMKY,INFRA,Waste Management,
RANASUG,Sugar,Sugar Manufacturing,
RML,Financial Services,Investment Company,
RANEHOLDIN,Auto Components,Steering Systems,
RPTECH,IT,IT Services,
RCF,Materials,Chemicals,
RATEGAIN,IT,Travel Tech,
RATNAMANI,Industrials,Pipes,
RATNAVEER,Metals,Stainless Steel,
RTNINDIA,AUTO,Electric Vehicles,
RTNPOWER,ENERGY,Power Utilities,
RKDL,REALITY,Realty,
RVHL,INFRA,EPC,
RELTD,Others,Lifestyle Retail,
RAYMONDLSL,Textiles,Apparel,
RAYMOND,Textiles,Textiles & Apparel,
RAYMONDREL,REALITY,Realty,
RBLBANK,Financial,Banks,
RBZJEWEL,Others,Jewellery,
RECLTD,Financial Services,Infrastructure Finance,
REDINGTON,IT,IT Distribution,
REDTAPE,Others,Footwear,
REFEX,Chemicals,Industrial Gases,
REGAAL,FMCG,Agro Processing,
REGENCERAM,Others,Ceramic Tiles,
RELAXO,Consumer Discretionary,Footwear,
GILT5YBEES,ETF,Gilt 5Y ETF,
SDL26BEES,ETF,SDL Bond ETF,
RELCHEMQ,Materials,Chemicals,
RIIL,INFRA,Infrastructure Services,
RELIANCE,ENERGY,"Oil, Gas & Retail",
RPOWER,ENERGY,Power Utilities,
RELIGARE,NBFC,NBFC,
REMSONSIND,Auto Components,Control Cables,
RGL,FMCG,Agro Processing,
REPCOHOME,Financial Services,Housing Finance,
REPRO,Others,Printing,
RESPONIND,Chemicals,Specialty Chemicals,
RBA,Others,QSR,
RVTH,INFRA,EPC,
RHETAN,Chemicals,Specialty Chemicals,
RHIM,Industrials,Capital Goods,
RICOAUTO,AUTO,Auto OEM,
RISHABH,Capital Goods,Electrical Equipment,
RITCO,IT,IT Services,
RITES,IT,IT Services,
RKEC,INFRA,EPC,
RHL,INFRA,Roads,
ROLEXRINGS,AUTO,Forgings,
ROSSARI,Chemicals,Specialty Chemicals,
ROSSELLIND,FMCG,Tea,
ROSSTECH,IT,IT Services,
ROTO,Capital Goods,Industrial Equipment,
ROUTE,IT,CPaaS,
ROHLTD,REALITY,Realty,
RPGLIFE,PHARMA,Formulations,
RPSGVENT,Others,Diversified,
RSWM,Textiles,Yarn,
RUBFILA,Textiles,Yarn,
RUBICON,NBFC,NBFC,
RUCHINFRA,Industrials,Infrastructure,
RUCHIRA,Textiles,Yarn,
RUDRA,INFRA,EPC,
REPL,INFRA,Construction,
RUPA,Textiles,Innerwear,
RUSHIL,Others,Laminates,
SCHAND,Others,Publishing,
SHK,PHARMA,Specialty Pharma,
S&SPOWER,ENERGY,Power Utilities,
SPAL,Auto Components,Cooling Systems,
SAATVIKGL,Chemicals,Specialty Chemicals,
SADBHAV,INFRA,Roads,
SADBHIN,INFRA,Roads,
SADHNANIQ,Chemicals,Specialty Chemicals,
SAFARI,Others,Luggage,
SAGCEM,Cement,Cement Manufacturing,
SAGARDEEP,Chemicals,Industrial Chemicals,
SAGILITY,IT,IT Services,
SAHYADRI,Others,Pipes,
SAILIFE,PHARMA,Healthcare,
KALAMANDIR,Consumer Discretionary,Apparel Retail,
SAKAR,PHARMA,Diagnostic Services,
SAKSOFT,IT,Digital Solutions,
SAKHTISUG,Sugar,Sugar Manufacturing,
SAKUMA,FMCG,Agri Commodities,
SALASAR,Capital Goods,Transmission Structures,
SALONA,FMCG,Snack Foods,
SALZERELEC,Capital Goods,Electrical Equipment,
SAMBHV,Chemicals,Specialty Chemicals,
SAMHI,Others,Hospitality,
SAMMAANCAP,Financial,Financial Services,
SAMPANN,NBFC,NBFC,
MOTHERSON,AUTO,Auto Components,
SANATHAN,Chemicals,Specialty Chemicals,
SANDESH,Others,Print Media,
SANDHAR,Auto Components,Automotive Systems,
SANDUMA,Textiles,Textiles,
SANGAMIND,Textiles,Fabric,
SANGHIIND,Cement,Cement Manufacturing,
SANGHVIMOV,Logistics,Logistics Services,
SANGINITA,IT,IT Services,
SANOFICONR,PHARMA,Formulations,
SANOFI,PHARMA,Formulations,
SANSERA,AUTO,Precision Components,
SANSTAR,Chemicals,Specialty Chemicals,
SAPPHIRE,FMCG,Consumer Services,
SSDL,NBFC,NBFC,
SARDAEN,Materials,Metals & Mining,
SAREGAMA,Others,Media Entertainment & Publication,
SARLAPOLY,Textiles,Polyester Yarn,
SMLT,FMCG,Tea,
SARVESHWAR,FMCG,Basmati Rice,
SASKEN,IT,Embedded Software,
SASTASUNDR,Others,Pharmacy Retail,
SATIA,Others,Paper Manufacturing,
SATIN,Financial Services,Microfinance,
SAURASHCEM,Cement,Cement Manufacturing,
SOTL,Textiles,Textiles,
SBC,IT,Small Cap IT Services,
SBFC,Financial,Financial Services,
SBICARD,Financial Services,Credit Cards,
SBILIFE,Financial Services,Life Insurance,
SETFGOLD,ETF,Gold ETF,
SETFNIF50,ETF,Nifty 50 ETF,
SETFNIFBK,ETF,Banking ETF,
SETFNN50,ETF,Nifty Next 50 ETF,
LIQUIDSBI,ETF,Liquid ETF,
SBIBPB,ETF,Bharat Bond ETF,
SBIETFCON,ETF,Consumption ETF,
SBIETFIT,IT,IT Services,
SBIETFPB,ETF,PSU Bank ETF,
SBIETFQLTY,ETF,Quality Factor ETF,
SBILIQETF,ETF,Liquid ETF,
SBINEQWETF,ETF,Equal Weight ETF,
SBISILVER,ETF,Silver ETF,
SETF10GILT,ETF,Gilt ETF,
SCHAEFFLER,Auto Components,Auto Components,
SCHNEIDER,Industrials,Capital Goods,
SCODATUBES,Capital Goods,Industrial Tubes,
SEAMECLTD,ENERGY,Offshore Services,
SECMARK,Financial Services,Stock Broking,
SEJALLTD,Others,Industrial Trading,
SEMAC,INFRA,EPC,
SENCO,Others,Jewellery Retail,
SENORES,Chemicals,Specialty Chemicals,
SEPC,INFRA,EPC Infrastructure,
SERVOTECH,IT,IT Services,
STYL,Textiles,Garments,
SESHAPAPER,Others,Writing & Printing Paper,
SETCO,AUTO,Clutches,
SGFIN,Financial Services,Investment Company,
SGMART,Others,Supermarket,
SHADOWFAX,Logistics,Third Party Logistics (3PL),
SHAHALLOYS,Metals,Stainless Steel,
SHAH,Financial Services,Investment Company,
SHAILY,PHARMA,Injection Molding,
SHAKTIPUMP,Capital Goods,Pumps,
SHALBY,PHARMA,Hospitals,
SHALPAINTS,Chemicals,Paints,
SRD,Chemicals,Specialty Chemicals,
SHANKARA,Others,Building Materials Retail,
BUILDPRO,INFRA,Building Products,
SHANTIGEAR,Capital Goods,Industrial Gears,
SHANTIGOLD,Others,Jewellery Retail,
SHANTI,Chemicals,Dyes & Intermediates,
SHARDACROP,Chemicals,Agro Chemicals,
SHARDAMOTR,Auto Components,Auto Electricals,
SHAREINDIA,Financial Services,Broking,
SFL,Chemicals,Specialty Chemicals,
SHEKHAWATI,Textiles,Spinning,
SHEMAROO,Others,Film Distribution,
SHILCTECH,IT,IT Services,
SHILPAMED,PHARMA,Healthcare Services,
SCILAL,PHARMA,Formulations,
SCI,SHIPPING,Shipping,
SHIVAUM,Chemicals,Pharma Intermediates,
SHIVAMILLS,Textiles,Spinning,
SHIVATEX,Textiles,Yarn,
SBCL,Chemicals,Pharma Intermediates,
SHIVALIK,Capital Goods,Connectors,
SHIVAMAUTO,AUTO,Auto OEM,
SHOPERSTOP,Consumer Discretionary,Retail,
SHRADHA,REALITY,Realty Developer,
SHREEPUSHK,Chemicals,Pharma Intermediates,
SHREECEM,Materials,Construction Materials,
SHREDIGCEM,Cement,Cement Manufacturing,
SHREERAMA,Others,PVC Products,
RAMANEWS,Others,Printing,
RENUKA,FMCG,Sugar,
BALAJEE,Others,Flexible Packaging,
SVLL,Logistics,Liquid Logistics,
SHREEJISPG,Others,Flexible Packaging,
OSWALSEEDS,Others,Seeds,
SHREYANIND,Others,Writing & Printing,
SHRINGARMS,Others,Jewellery Retail,
LIQUIDSHRI,ETF,Liquid ETF,
SHRIRAMFIN,NBFC,NBFC,
SHRIPISTON,AUTO,Pistons,
SHRIRAMPPS,Textiles,Technical Textiles,
SHYAMMETL,Industrials,Capital Goods,
SHYAMTEL,Telecom,Optical Fiber,
ENRIN,Industrials,Capital Goods,
SIEMENS,Industrials,Electrical Equipment,
SIGACHI,Chemicals,Pharma Excipients,
SIGMAADV,PHARMA,Formulations,
SIGMA,Chemicals,Specialty Chemicals,
SIGNATURE,REALITY,Real Estate Development,
SIGIND,Chemicals,Industrial Chemicals,
SIGNPOST,Others,Outdoor Media,
SIKKO,Chemicals,Agro Chemicals,
SILINV,Financial Services,Investment Company,
SILGO,Others,Jewellery Retail,
SILVERTUC,FMCG,Processed Foods,
SIMPLEXINF,INFRA,Infrastructure,
SINCLAIR,PHARMA,Formulations,
SINDHUTRAD,Others,Commodity Trading,
SINTERCOM,AUTO,Forgings,
SIRCA,Chemicals,Wood Coatings,
SIS,Others,Facility Management,
SIYSIL,Textiles,Silk Textiles,
SJS,Auto Components,Aesthetic Components,
SJVN,Power,Hydro Power,
SKFINDUS,AUTO,Bearings,
SKFINDIA,AUTO,Bearings,
SKIPPER,Capital Goods,Power Transmission Towers,
SKMEGGPROD,FMCG,Poultry,
SKYGOLD,Others,Jewellery,
SMARTLINK,Capital Goods,Networking Products,
SMARTWORKS,REALITY,Commercial Leasing,
SMCGLOBAL,Financial Services,Broking,
SMLMAH,AUTO,Commercial Vehicles,
SMSPHARMA,PHARMA,Pharma,
SNOWMAN,Logistics,Cold Chain,
SOBHA,REALITY,Real Estate Development,
SOFTTECH,IT,IT Services,
SOLARINDS,Chemicals,Explosives,
SOLARA,PHARMA,APIs,
SOLARWORLD,Capital Goods,Solar EPC,
SOLEX,Capital Goods,Solar Pumps,
SDBL,Sugar,Sugar Manufacturing,
SOMANYCERA,Others,Tiles,
SOMICONVEY,Capital Goods,Conveyor Systems,
SONACOMS,Auto Components,Auto Components,
SONAMLTD,Textiles,Garments,
SONATSOFTW,IT,IT Services,
SPCENET,IT,Networking,
SPANDANA,Financial Services,Microfinance,
SPECIALITY,IT,IT Services,
SPECTRUM,Chemicals,Specialty Chemicals,
SPENCERS,Others,Supermarket,
SPIC,Others,Urea,
SPLIL,Textiles,Synthetic Yarn,
SPMLINFRA,Industrials,Infrastructure,
SPORTKING,Industrials,Ports,
SRHHYPOLTD,Chemicals,Petrochemicals,
SREEL,NBFC,NBFC,
SRF,Chemicals,Specialty Chemicals,
SRGHFL,Financial Services,Housing Finance,
HAVISHA,Others,Commodities,
LOTUSDEV,REALITY,Realty Developer,
SRM,Others,Educational Services,
STALLION,Chemicals,Specialty Chemicals,
SETL,Financial Services,Broking,
SIL,Textiles,Technical Textiles,
STANLEY,Others,Furniture,
STARCEMENT,Materials,Cement,
STARHEALTH,Financial Services,Health Insurance,
STARPAPER,Others,Writing & Printing,
STARTECK,INFRA,EPC,
SBIN,PSU Bank,Public Sector Bank,
SAIL,Materials,Steel,
STEELCITY,IT,IT Services,
STEELXIND,Metals,Steel,
SSWL,AUTO,Wheels,
STEELCAS,Metals,Steel,
STEL,Chemicals,Dyes & Intermediates,
STERTOOLS,AUTO,Cutting Tools,
STLTECH,IT,IT Services,
SGL,Chemicals,Dyes,
STLNETWORK,Telecom,Network Services,
STOVEKRAFT,Others,Kitchen Appliances,
STAR,Others,Supermarket,
SWSOLAR,Capital Goods,Solar EPC,
STUDDS,AUTO,Helmets,
STYLAMIND,Others,Laminates,
STYRENIX,Chemicals,Styrenics,
SUBEXLTD,IT,Telecom Software,
SUBROS,AUTO,Auto AC Systems,
SUDARSCHEM,Materials,Chemicals,
SUDARCOLOR,Chemicals,Pigments,
SUDEEPPHRM,Chemicals,Specialty Chemicals,
SUKHJITS,IT,IT Services,
SULA,FMCG,Alcoholic Beverages,
SUMEETINDS,Textiles,Spinning,
SUMIT,IT,IT Services,
SUMICHEM,Materials,Chemicals,
SUMMITSEC,IT,IT Services,
SPARC,PHARMA,Research,
SUNPHARMA,PHARMA,Pharma,
SUNTV,Others,Broadcasting,
SUNDRMBRAK,AUTO,Brakes,
SUNCLAY,FMCG,Edible Oil,
SUNDARMFIN,Financial,Financial Services,
SUNDARAM,Auto Components,Braking Systems,
SUNDRMFAST,Auto Components,Fasteners,
SUNDROP,FMCG,Edible Oil,
SUNFLAG,Metals,Alloy Steel,
SUNTECK,REALITY,Realty Development,
SUPERSPIN,Textiles,Spinning,
SUPERHOUSE,Others,Footwear,
SUPRAJIT,Auto Components,Auto Components,
SUPREME,Others,Plastic Products,
SUPREMEIND,Materials,Plastic Products,
SPLPETRO,Chemicals,Petrochemicals,
SUPRIYA,PHARMA,APIs,
SURAJEST,Textiles,Garments,
SURAJLTD,Metals,Stainless Steel,
SURAKSHA,PHARMA,Hospitals,
SURANASOL,Capital Goods,Solar,
SURANAT&P,Telecom,Optical Fiber,
SBGLP,ENERGY,LPG Bottling & Distribution,
SURYAROSNI,Metals,Pipes,
SURYALAXMI,Textiles,Spinning,
SURYODAY,BANKING & FINANCIALS,Small Finance Bank,
SUTLEJTEX,Textiles,Textile Manufacturing,
SUVEN,PHARMA,CRAMS,
SUVIDHAA,Financial Services,Payment Services,
SUYOG,Telecom,Telecom Infrastructure,
SUZLON,ENERGY,Wind Energy,
SWANCORP,Materials,Chemicals,
SWARAJENG,Capital Goods,Engines,
SWELECTES,Capital Goods,Solar,
SWIGGY,FMCG,Consumer Services,
SYMPHONY,Others,Air Coolers,
SYNCOMF,PHARMA,Formulations,
SGIL,Textiles,Denim,
SYNGENE,PHARMA,Healthcare,
SYRMA,Industrials,Capital Goods,
SYSTMTXC,Textiles,Denim,
TTL,Textiles,Yarn Manufacturing,
TAINWALCHM,Chemicals,Specialty Chemicals,
TAJGVK,Others,Hotels,
TALBROAUTO,AUTO,Auto OEM,
TMB,BANKING & FINANCIALS,Private Bank,
TNPL,Others,Paper & Packaging,
TNPETRO,Chemicals,Petrochemicals,
TNTELE,Telecom,Telecom Services,
TANLA,IT,CPaaS,
TARACHAND,INFRA,Real Estate Developer,
TARAPUR,Chemicals,Specialty Chemicals,
TARC,REALITY,Realty Development,
TARMAT,INFRA,Infrastructure EPC,
TARSONS,PHARMA,Lab Consumables,
TASTYBITE,IT,IT Services,
TATACAP,NBFC,Diversified NBFC,
TATACHEM,Materials,Chemicals,
TATACOMM,Telecom,Telecommunication,
TCS,IT,IT Services,
TATACONSUM,FMCG,Fast Moving Consumer Goods,
TATAELXSI,IT,Engineering Software,
TATAINVEST,Financial,Financial Services,
TMCV,AUTO,Commercial Vehicles,
TMPV,AUTO,Passenger Vehicles,
TATAPOWER,ENERGY,Power Utilities,
TATASTEEL,Metals,Steel,
TATATECH,IT,IT Services,
TTML,Telecom,Telecommunication,
NETF,ETF,Nifty 50 ETF,
NPBET,ETF,PSU Bank ETF,
TNIDETF,ETF,Nifty 50 ETF,
TATAGOLD,ETF,Gold ETF,
TATSILV,ETF,Silver ETF,
TATVA,Chemicals,Specialty Chemicals,
TBOTEK,FMCG,Consumer Services,
TCIEXP,Logistics,Express Logistics,
TCPLPACK,Others,Paper Packaging,
TDPOWERSYS,ENERGY,Power Utilities,
TEAMGTY,Textiles,Apparel Exports,
TEAMLEASE,Others,Staffing,
TPHQ,ETF,Quality ETF,
TECHM,IT,IT Services,
TECHNOE,IT,IT Services,
TIIL,Capital Goods,Industrial Equipment,
TECILCHEM,Materials,Chemicals,
TEGA,Capital Goods,Mining Consumables,
TEJASNET,Telecom,Telecom Equipment,
TEMBO,Capital Goods,Engineering Products,
TENNIND,Others,Paper Manufacturing,
TERASOFT,IT,Software Services,
TEXINFRA,Industrials,Infrastructure,
TEXRAIL,Industrials,Railways,
TEXMOPIPES,Others,Pipes,
TGBHOTELS,Others,Hotels,
THANGAMAYL,Others,Jewellery Retail,
ANUP,Industrials,Engineering Equipment,
BYKE,Consumer Discretionary,Hotels,
GESHIP,SHIPPING,Shipping,
GROBTEA,FMCG,Tea,
INDIACEM,Materials,Construction Materials,
INDHOTEL,FMCG,Consumer Services,
THEINVEST,NBFC,NBFC,
NIACL,Financial Services,General Insurance,
PKTEA,FMCG,Tea Plantation,
PHOENIXLTD,REALITY,Commercial Real Estate,
RAMCOCEM,Cement,Cement Manufacturing,
RUBYMILLS,Textiles,Fabric,
SOUTHBANK,Financial,Banks,
STCINDIA,Others,Commodity Trading,
UGARSUGAR,Sugar,Sugar Manufacturing,
WIPL,Capital Goods,Industrial Equipment,
THEJO,Capital Goods,Bulk Material Handling,
THEMISMED,PHARMA,Healthcare Services,
THERMAX,Industrials,Capital Goods,
TIRUMALCHM,Chemicals,Specialty Chemicals,
THOMASCOOK,Others,Travel & Forex,
THOMASCOTT,Textiles,Apparel,
THYROCARE,PHARMA,Diagnostics,
TIGERLOGS,Logistics,Warehousing,
TIJARIA,INFRA,Infrastructure,
TIL,Capital Goods,Material Handling,
TI,AUTO,Chains,
TIMETECHNO,IT,IT Services,
TIMKEN,Industrials,Capital Goods,
TINNARUBR,AUTO,Reclaimed Rubber,
TIPSFILMS,Others,Film Production,
TIPSMUSIC,Others,Music Label,
TIRUPATIFL,FMCG,Edible Oil,
TITAGARH,IT,IT Services,
TITAN,IT,IT Services,
TOKYOPLAST,Others,Consumer Plastics,
TOLINS,INFRA,Bitumen Products,
TORNTPHARM,PHARMA,Healthcare,
TORNTPOWER,ENERGY,Power Utilities,
TOTAL,ENERGY,Lubricants,
TOUCHWOOD,Others,Event Management,
TFCILTD,Financial Services,Infrastructure Finance,
TPLPLASTEH,Others,Packaging,
TRACXN,IT,SaaS Analytics,
TARIL,Industrials,Capital Goods,
TREL,Capital Goods,Transformers,
TCI,Logistics,Multimodal Logistics,
TRANSRAILL,Industrials,Railways,
TFL,Chemicals,Specialty Chemicals,
TRANSWORLD,SHIPPING,Shipping,
TRAVELFOOD,FMCG,Food Products,
TREEHOUSE,Others,Pre-School,
TRENT,Consumer Discretionary,Retail,
TRF,Capital Goods,Material Handling,
TBZ,Others,Jewellery Retail,
TRIDENT,Textiles,Textile Manufacturing,
TRIGYN,IT,IT Staffing,
TRIVENI,FMCG,Fast Moving Consumer Goods,
TRITURBINE,IT,IT Services,
TRUALT,Chemicals,Industrial Chemicals,
TRU,Others,Apparel,
TSFINV,Financial Services,Investment Company,
TTKHLTCARE,PHARMA,Medical Devices,
TTKPRESTIG,Others,Kitchen Appliances,
TIINDIA,Auto Components,Chains,
TVTODAY,Others,Broadcasting,
TVSHLTD,AUTO,Auto Components,
TVSMOTOR,AUTO,Auto OEM,
TVSSRICHAK,Auto Components,Tyres,
TVSSCS,Financial Services,Vehicle Finance,
UCAL,AUTO,Carburetors,
UCOBANK,Financial,Banks,
USK,PHARMA,Formulations,
UFLEX,Others,Flexible Packaging,
UFO,Others,Digital Cinema,
UGROCAP,Financial Services,MSME Lending,
UEL,Others,Holding Company,
UJJIVANSFB,BANKING & FINANCIALS,Small Finance Bank,
ULTRACEMCO,Cement,Cement Manufacturing,
UMAEXPORTS,Industrials,Ports,
UMIYA-MRO,Others,MRO Services,
UNICHEMLAB,PHARMA,Pharma,
UNIECOM,Others,Online Retail,
UNIINFO,IT,IT Infrastructure,
UNIMECH,Capital Goods,Industrial Machinery,
UNIONBANK,Financial,Banks,
UNIONGOLD,Others,Jewellery Retail,
UNIPARTS,Auto Components,Off-highway Parts,
UNIENTER,Others,Commodity Trading,
UNITECH,IT,IT Services,
UBL,FMCG,Alcoholic Beverages,
UNIDT,IT,Software Services,
UFBL,FMCG,Alcoholic Beverages,
UNITEDTEA,IT,IT Services,
UNITDSPR,IT,IT Services,
UNIVASTU,INFRA,Infrastructure EPC,
UNIVCABLES,Capital Goods,Cables,
UNIVPHOTO,Chemicals,Photographic Chemicals,
UNOMINDA,AUTO,Auto Electronics,
UDS,Others,Integrated Services,
UPL,Chemicals,Agro Chemicals,
URAVIDEF,Defence,Defense Manufacturing,
URBANCO,INFRA,Building Materials,
URJA,Power,Renewable Energy,
UMESLTD,Capital Goods,Industrial Equipment,
USHAMART,Industrials,Capital Goods,
UTIAMC,Financial,Financial Services,
BANKBETA,Financial,Banks,
GILT10BETA,ETF,Gilt ETF,
GILT5BETA,ETF,Gilt ETF,
ITBETA,IT,IT Services,
MIDCAPBETA,ETF,Midcap ETF,
NEXT50BETA,ETF,Next 50 ETF,
NIFTYBETA,ETF,Nifty ETF,
SENSEXBETA,ETF,Sensex ETF,
SILVERBETA,ETF,Silver ETF,
SNXT50BETA,ETF,Next 50 ETF,
GOLDBETA,ETF,Gold ETF,
UTKARSHBNK,BANKING & FINANCIALS,Small Finance Bank,
UTTAMSUGAR,Sugar,Sugar Manufacturing,
VGUARD,FMCG,Consumer Durables,
V2RETAIL,FMCG,Retail,
WABAG,INFRA,Water EPC,
VADILALIND,FMCG,Ice Cream,
VAIBHAVGBL,Others,Jewellery Retail,
VAISHALI,Chemicals,Specialty Chemicals,
VAKRANGEE,IT,E-Governance,
VALIANTLAB,PHARMA,Pharma,
VALIANTORG,Chemicals,Agro Chemicals,
DBREALTY,REALITY,Real Estate,
VARDHACRLC,Textiles,Yarn,
VHL,Logistics,Warehousing,
VARDMNPOLY,Textiles,Acrylic Yarn,
VSSL,Metals,Steel,
VTL,Textiles,Synthetic Yarn,
VARROC,Auto Components,Lighting Systems,
VBL,FMCG,Beverages,
VGL,Others,Jewellery,
VASCONEQ,REALITY,Realty Developer,
VASWANI,INFRA,Infrastructure,
MANYAVAR,Consumer Discretionary,Apparel Retail,
VEDL,Materials,Mining & Metals,
VEEDOL,ENERGY,Lubricants,
VENKEYS,Others,Poultry,
VENTIVE,FMCG,Consumer Services,
VENUSPIPES,Capital Goods,Stainless Steel Pipes,
VERANDA,Others,Education Services,
VERTOZ,Others,Digital Marketing,
VESUVIUS,Others,Refractories,
VETO,Capital Goods,Wires,
VSTL,Metals,Ferro Alloys,
VIDHIING,Chemicals,Food Colors,
VIDYAWIRES,Capital Goods,Wires & Cables,
VIJAYA,PHARMA,Healthcare,
VIJIFIN,Financial Services,Microfinance,
VIKASECO,Chemicals,Specialty Chemicals,
VIKASLIFE,Chemicals,Polymer,
VIKRAMSOLR,Capital Goods,Solar,
VIKRAN,Metals,Aluminum Products,
VIMTALABS,PHARMA,Pharma,
VINATIORGA,Chemicals,Specialty Chemicals,
VINDHYATEL,Telecom,Optical Fiber,
VINEETLAB,PHARMA,Pharma,
VINNY,Textiles,Denim,
VINCOFE,FMCG,Coffee,
VINYLINDIA,Chemicals,PVC Resin,
VIPCLOTHNG,Textiles,Apparel,
VIPIND,FMCG,Luggage,
VIRINCHI,IT,Software & Healthcare,
VISASTEEL,Metals,Steel,
VIVIDHA,Textiles,Garments,
VISAKAIND,Others,Roofing Sheets,
VMM,FMCG,Consumer Services,
VISHNU,Chemicals,Dyes,
VPRPL,Chemicals,Industrial Chemicals,
VISHWARAJ,INFRA,Water Infrastructure,
VIVIMEDLAB,PHARMA,Pharma,
VIYASH,PHARMA,Formulations,
VLEGOV,IT,E-Governance Solutions,
VLSFINANCE,Financial,NBFC,
VMART,Others,Value Retail,
VMSTMT,Metals,Stainless Steel,
IDEA,Telecom,Telecom Services,
VOLTAMP,Capital Goods,Transformers,
VOLTAS,Others,Air Conditioning,
VRAJ,Metals,Sponge Iron,
VRLLOG,Logistics,Road Logistics,
VSTIND,FMCG,Cigarettes,
VSTTILLERS,AUTO,Farm Equipment,
WSI,IT,Software Services,
WAAREEENER,Industrials,Capital Goods,
WAAREERTL,Capital Goods,Solar Modules,
WAKEFIT,IT,IT Services,
WALCHANNAG,Capital Goods,Engineering,
WANBURY,PHARMA,APIs,
WEWIN,Financial Services,Microfinance,
TWCGOLDETF,ETF,Gold ETF,
WEALTH,Financial Services,Wealth Management,
WEBELSOLAR,Capital Goods,Solar,
WEIZMANIND,Textiles,Textile Exports,
WELCORP,Industrials,Capital Goods,
WELENT,INFRA,Infrastructure,
WELINV,Financial Services,Investment Company,
WELSPUNLIV,Textiles,Home Textiles,
WENDT,Others,Cutting Tools,
WSTCSTPAPR,IT,IT Services,
WCIL,INFRA,Infrastructure,
WESTLIFE,Others,Quick Service Restaurant,
WEWORK,REALITY,Co-Working Spaces,
WHEELS,AUTO,Wheels,
WHIRLPOOL,FMCG,Consumer Durables,
WILLAMAGOR,Capital Goods,Industrial Equipment,
WINDLAS,PHARMA,CDMO,
WINDMACHIN,Capital Goods,Wind Turbines,
WIPRO,IT,IT Services,
WOCKPHARMA,PHARMA,Pharma,
WEL,Capital Goods,Engineering & Fabrication,
WONDERLA,Others,Amusement Parks,
WORTHPERI,Textiles,Garments,
XCHANGING,IT,BPO / ITES,
XELPMOC,IT,Digital Services,
XPROINDIA,Others,Polymer Sheets,
XTGLOBAL,IT,IT Consulting,
YASHO,Chemicals,Specialty Chemicals,
YATHARTH,PHARMA,Hospitals,
YATRA,Others,Online Travel,
YESBANK,Financial,Banks,
YUKEN,Capital Goods,Hydraulics,
ZAGGLE,IT,Expense Management,
ZEEL,Others,Media Entertainment & Publication,
ZEELEARN,Others,Education Services,
ZEEMEDIA,PHARMA,Healthcare Services,
ZENTEC,Industrials,Capital Goods,
ZENITHEXPO,IT,IT Services,
ZENITHSTL,IT,IT Services,
ZENSARTECH,IT,IT Services,
GOLDCASE,ETF,Gold ETF,
LIQUIDCASE,ETF,Liquid ETF,
LTGILTCASE,ETF,Gilt ETF,
MID150CASE,ETF,Midcap ETF,
NIFTYCASE,ETF,Nifty ETF,
SILVERCASE,ETF,Silver ETF,
SML100CASE,ETF,Smallcap ETF,
TOP100CASE,ETF,Top 100 ETF,
ZFCVINDIA,Auto Components,Clutches,
ZIMLAB,PHARMA,Pharma,
ZODIACLOTH,Textiles,Apparel,
ZODIAC,Textiles,Apparel,
ZOTA,PHARMA,Formulations,
ZUARI,Others,Fertilizers,
ZUARIIND,Others,Holding Company,
ZYDUSLIFE,PHARMA,Healthcare,
ZYDUSWELL,FMCG,Personal Care,
